iso2;year_id;term_id;keyword;interest_raw;interest_normalized;anchor_term;anchor_raw
AE;2019;168;Among Us;1.0;0.044642857142857144;amazon;2240.0
AE;2019;18;Call of Duty;94.0;4.196428571428571;amazon;2240.0
AE;2019;23;Counter-Strike: Global Offensive;52.0;2.3214285714285716;amazon;2240.0
AE;2019;38;Rust;49.0;2.1875;amazon;2240.0
AE;2019;97;Stardew Valley;0.0;0.0;amazon;2240.0
AE;2020;168;Among Us;215.0;5.760986066452305;amazon;3732.0
AE;2020;18;Call of Duty;232.0;6.216505894962487;amazon;3732.0
AE;2020;23;Counter-Strike: Global Offensive;76.0;2.0364415862808145;amazon;3732.0
AE;2020;38;Rust;52.0;1.3933547695605575;amazon;3732.0
AE;2020;97;Stardew Valley;5.0;0.1339764201500536;amazon;3732.0
AE;2021;168;Among Us;165.0;4.6848381601362865;amazon;3522.0
AE;2021;18;Call of Duty;153.0;4.34412265758092;amazon;3522.0
AE;2021;23;Counter-Strike: Global Offensive;52.0;1.4764338444065872;amazon;3522.0
AE;2021;38;Rust;53.0;1.5048268029528677;amazon;3522.0
AE;2021;97;Stardew Valley;6.0;0.17035775127768313;amazon;3522.0
AE;2022;168;Among Us;66.0;1.817180616740088;amazon;3632.0
AE;2022;18;Call of Duty;111.0;3.0561674008810575;amazon;3632.0
AE;2022;23;Counter-Strike: Global Offensive;50.0;1.3766519823788546;amazon;3632.0
AE;2022;38;Rust;52.0;1.4317180616740088;amazon;3632.0
AE;2022;97;Stardew Valley;15.0;0.4129955947136564;amazon;3632.0
AE;2023;168;Among Us;61.0;1.6331994645247656;amazon;3735.0
AE;2023;18;Call of Duty;119.0;3.1860776439089697;amazon;3735.0
AE;2023;23;Counter-Strike: Global Offensive;47.0;1.2583668005354753;amazon;3735.0
AE;2023;38;Rust;53.0;1.4190093708165996;amazon;3735.0
AE;2023;97;Stardew Valley;21.0;0.5622489959839357;amazon;3735.0
AR;2019;168;Among Us;0.0;0.0;amazon;1008.0
AR;2019;18;Call of Duty;397.0;21.587819467101685;amazon;1839.0
AR;2019;23;Counter-Strike: Global Offensive;372.0;20.22838499184339;amazon;1839.0
AR;2019;38;Rust;52.0;5.158730158730158;amazon;1008.0
AR;2019;97;Stardew Valley;44.0;4.365079365079365;amazon;1008.0
AR;2020;168;Among Us;773.0;47.95285359801489;amazon;1612.0
AR;2020;18;Call of Duty;836.0;28.42570554233254;amazon;2941.0
AR;2020;23;Counter-Strike: Global Offensive;782.0;26.589595375722542;amazon;2941.0
AR;2020;38;Rust;54.0;3.3498759305210917;amazon;1612.0
AR;2020;97;Stardew Valley;68.0;4.218362282878412;amazon;1612.0
AR;2021;168;Among Us;577.0;37.910643889618925;amazon;1522.0
AR;2021;18;Call of Duty;512.0;18.544005795001812;amazon;2761.0
AR;2021;23;Counter-Strike: Global Offensive;608.0;22.02100688156465;amazon;2761.0
AR;2021;38;Rust;92.0;6.044678055190539;amazon;1522.0
AR;2021;97;Stardew Valley;92.0;6.044678055190539;amazon;1522.0
AR;2022;168;Among Us;234.0;14.81950601646612;amazon;1579.0
AR;2022;18;Call of Duty;533.0;18.62334032145353;amazon;2862.0
AR;2022;23;Counter-Strike: Global Offensive;599.0;20.92941998602376;amazon;2862.0
AR;2022;38;Rust;75.0;4.749841671944269;amazon;1579.0
AR;2022;97;Stardew Valley;133.0;8.423052564914503;amazon;1579.0
AR;2023;168;Among Us;167.0;11.768851303735024;amazon;1419.0
AR;2023;18;Call of Duty;530.0;20.606531881804045;amazon;2572.0
AR;2023;23;Counter-Strike: Global Offensive;490.0;19.05132192846034;amazon;2572.0
AR;2023;38;Rust;77.0;5.426356589147287;amazon;1419.0
AR;2023;97;Stardew Valley;174.0;12.26215644820296;amazon;1419.0
AT;2019;168;Among Us;0.0;0.0;amazon;2954.0
AT;2019;18;Call of Duty;34.0;1.1509817197020988;amazon;2954.0
AT;2019;23;Counter-Strike: Global Offensive;43.0;1.4556533513879486;amazon;2954.0
AT;2019;38;Rust;64.0;2.1665538253215977;amazon;2954.0
AT;2019;97;Stardew Valley;2.0;0.06770480704129993;amazon;2954.0
AT;2020;168;Among Us;37.0;1.1870388193776067;amazon;3117.0
AT;2020;18;Call of Duty;80.0;2.5665704202759065;amazon;3117.0
AT;2020;23;Counter-Strike: Global Offensive;50.0;1.6041065126724416;amazon;3117.0
AT;2020;38;Rust;66.0;2.1174205967276225;amazon;3117.0
AT;2020;97;Stardew Valley;7.0;0.22457491177414182;amazon;3117.0
AT;2021;168;Among Us;11.0;0.422102839600921;amazon;2606.0
AT;2021;18;Call of Duty;52.0;1.9953952417498082;amazon;2606.0
AT;2021;23;Counter-Strike: Global Offensive;33.0;1.266308518802763;amazon;2606.0
AT;2021;38;Rust;69.0;2.647735993860322;amazon;2606.0
AT;2021;97;Stardew Valley;11.0;0.422102839600921;amazon;2606.0
AT;2022;168;Among Us;0.0;0.0;amazon;2532.0
AT;2022;18;Call of Duty;58.0;2.2906793048973144;amazon;2532.0
AT;2022;23;Counter-Strike: Global Offensive;47.0;1.8562401263823063;amazon;2532.0
AT;2022;38;Rust;70.0;2.764612954186414;amazon;2532.0
AT;2022;97;Stardew Valley;13.0;0.5134281200631912;amazon;2532.0
AT;2023;168;Among Us;0.0;0.0;amazon;2562.0
AT;2023;18;Call of Duty;55.0;2.146760343481655;amazon;2562.0
AT;2023;23;Counter-Strike: Global Offensive;49.0;1.912568306010929;amazon;2562.0
AT;2023;38;Rust;73.0;2.849336455893833;amazon;2562.0
AT;2023;97;Stardew Valley;20.0;0.78064012490242;amazon;2562.0
AU;2019;168;Among Us;1.0;0.049091801669121256;amazon;2037.0
AU;2019;18;Call of Duty;261.0;12.844488188976378;amazon;2032.0
AU;2019;23;Counter-Strike: Global Offensive;169.0;8.296514482081491;amazon;2037.0
AU;2019;38;Rust;218.0;10.702012763868433;amazon;2037.0
AU;2019;97;Stardew Valley;139.0;6.823760432007854;amazon;2037.0
AU;2020;168;Among Us;376.0;14.25322213798332;amazon;2638.0
AU;2020;18;Call of Duty;486.0;18.444022770398483;amazon;2635.0
AU;2020;23;Counter-Strike: Global Offensive;185.0;7.012888551933283;amazon;2638.0
AU;2020;38;Rust;263.0;9.9696739954511;amazon;2638.0
AU;2020;97;Stardew Valley;168.0;6.368460955269144;amazon;2638.0
AU;2021;168;Among Us;246.0;9.35005701254276;amazon;2631.0
AU;2021;18;Call of Duty;319.0;12.124667426833904;amazon;2631.0
AU;2021;23;Counter-Strike: Global Offensive;127.0;4.827061953629799;amazon;2631.0
AU;2021;38;Rust;339.0;12.884834663625996;amazon;2631.0
AU;2021;97;Stardew Valley;243.0;9.236031927023944;amazon;2631.0
AU;2022;168;Among Us;149.0;4.531630170316301;amazon;3288.0
AU;2022;18;Call of Duty;315.0;9.58029197080292;amazon;3288.0
AU;2022;23;Counter-Strike: Global Offensive;159.0;4.835766423357665;amazon;3288.0
AU;2022;38;Rust;364.0;11.070559610705596;amazon;3288.0
AU;2022;97;Stardew Valley;323.0;9.82360097323601;amazon;3288.0
AU;2023;168;Among Us;106.0;2.8441105446740003;amazon;3727.0
AU;2023;18;Call of Duty;292.0;7.8347196136302655;amazon;3727.0
AU;2023;23;Counter-Strike: Global Offensive;211.0;5.661389857794473;amazon;3727.0
AU;2023;38;Rust;370.0;9.927555674805474;amazon;3727.0
AU;2023;97;Stardew Valley;344.0;9.229943654413738;amazon;3727.0
BE;2019;168;Among Us;0.0;0.0;amazon;2234.0
BE;2019;18;Call of Duty;133.0;5.953446732318711;amazon;2234.0
BE;2019;23;Counter-Strike: Global Offensive;81.0;3.6257833482542523;amazon;2234.0
BE;2019;38;Rust;101.0;4.521038495971352;amazon;2234.0
BE;2019;97;Stardew Valley;23.0;1.0295434198746642;amazon;2234.0
BE;2020;168;Among Us;142.0;4.930555555555555;amazon;2880.0
BE;2020;18;Call of Duty;238.0;8.26388888888889;amazon;2880.0
BE;2020;23;Counter-Strike: Global Offensive;108.0;3.75;amazon;2880.0
BE;2020;38;Rust;106.0;3.680555555555556;amazon;2880.0
BE;2020;97;Stardew Valley;30.0;1.0416666666666665;amazon;2880.0
BE;2021;168;Among Us;87.0;3.2657657657657655;amazon;2664.0
BE;2021;18;Call of Duty;143.0;5.367867867867868;amazon;2664.0
BE;2021;23;Counter-Strike: Global Offensive;76.0;2.8528528528528527;amazon;2664.0
BE;2021;38;Rust;123.0;4.617117117117117;amazon;2664.0
BE;2021;97;Stardew Valley;49.0;1.8393393393393391;amazon;2664.0
BE;2022;168;Among Us;52.0;1.5819896562214786;amazon;3287.0
BE;2022;18;Call of Duty;146.0;4.441740188621844;amazon;3287.0
BE;2022;23;Counter-Strike: Global Offensive;95.0;2.8901734104046244;amazon;3287.0
BE;2022;38;Rust;143.0;4.350471554609066;amazon;3287.0
BE;2022;97;Stardew Valley;56.0;1.7036811682385153;amazon;3287.0
BE;2023;168;Among Us;49.0;1.3200431034482758;amazon;3712.0
BE;2023;18;Call of Duty;145.0;3.90625;amazon;3712.0
BE;2023;23;Counter-Strike: Global Offensive;102.0;2.747844827586207;amazon;3712.0
BE;2023;38;Rust;153.0;4.1217672413793105;amazon;3712.0
BE;2023;97;Stardew Valley;54.0;1.4547413793103448;amazon;3712.0
BR;2019;168;Among Us;35.0;3.064798598949212;amazon;1142.0
BR;2019;18;Call of Duty;146.0;12.640692640692642;amazon;1155.0
BR;2019;23;Counter-Strike: Global Offensive;182.0;15.757575757575756;amazon;1155.0
BR;2019;38;Rust;1.0;0.08756567425569177;amazon;1142.0
BR;2019;97;Stardew Valley;59.0;5.166374781085814;amazon;1142.0
BR;2020;168;Among Us;293.0;13.02801244997777;amazon;2249.0
BR;2020;18;Call of Duty;287.0;12.671081677704194;amazon;2265.0
BR;2020;23;Counter-Strike: Global Offensive;241.0;10.640176600441501;amazon;2265.0
BR;2020;38;Rust;4.0;0.17785682525566918;amazon;2249.0
BR;2020;97;Stardew Valley;100.0;4.44642063139173;amazon;2249.0
BR;2021;168;Among Us;143.0;6.366874443455031;amazon;2246.0
BR;2021;18;Call of Duty;186.0;8.237378210806023;amazon;2258.0
BR;2021;23;Counter-Strike: Global Offensive;178.0;7.883082373782107;amazon;2258.0
BR;2021;38;Rust;12.0;0.5342831700801425;amazon;2246.0
BR;2021;97;Stardew Valley;130.0;5.78806767586821;amazon;2246.0
BR;2022;168;Among Us;87.0;3.2354034957233173;amazon;2689.0
BR;2022;18;Call of Duty;190.0;7.026627218934911;amazon;2704.0
BR;2022;23;Counter-Strike: Global Offensive;222.0;8.210059171597633;amazon;2704.0
BR;2022;38;Rust;47.0;1.7478616586091484;amazon;2689.0
BR;2022;97;Stardew Valley;177.0;6.582372629230197;amazon;2689.0
BR;2023;168;Among Us;59.0;1.918075422626788;amazon;3076.0
BR;2023;18;Call of Duty;197.0;6.363049095607236;amazon;3096.0
BR;2023;23;Counter-Strike: Global Offensive;159.0;5.135658914728682;amazon;3096.0
BR;2023;38;Rust;53.0;1.7230169050715214;amazon;3076.0
BR;2023;97;Stardew Valley;249.0;8.094928478543563;amazon;3076.0
CA;2019;168;Among Us;0.0;0.0;amazon;2493.0
CA;2019;18;Call of Duty;89.0;3.597413096200485;amazon;2474.0
CA;2019;23;Counter-Strike: Global Offensive;52.0;2.085840352988367;amazon;2493.0
CA;2019;38;Rust;72.0;2.888086642599278;amazon;2493.0
CA;2019;97;Stardew Valley;60.0;2.406738868832732;amazon;2493.0
CA;2020;168;Among Us;118.0;3.454332552693208;amazon;3416.0
CA;2020;18;Call of Duty;180.0;5.306603773584905;amazon;3392.0
CA;2020;23;Counter-Strike: Global Offensive;59.0;1.727166276346604;amazon;3416.0
CA;2020;38;Rust;91.0;2.663934426229508;amazon;3416.0
CA;2020;97;Stardew Valley;82.0;2.4004683840749412;amazon;3416.0
CA;2021;168;Among Us;70.0;2.03903291581707;amazon;3433.0
CA;2021;18;Call of Duty;117.0;3.4361233480176208;amazon;3405.0
CA;2021;23;Counter-Strike: Global Offensive;52.0;1.5147101660355373;amazon;3433.0
CA;2021;38;Rust;113.0;3.291581706961841;amazon;3433.0
CA;2021;97;Stardew Valley;116.0;3.3789688319254294;amazon;3433.0
CA;2022;168;Among Us;52.0;1.5601560156015601;amazon;3333.0
CA;2022;18;Call of Duty;112.0;3.389830508474576;amazon;3304.0
CA;2022;23;Counter-Strike: Global Offensive;52.0;1.5601560156015601;amazon;3333.0
CA;2022;38;Rust;107.0;3.2103210321032103;amazon;3333.0
CA;2022;97;Stardew Valley;123.0;3.6903690369036903;amazon;3333.0
CA;2023;168;Among Us;44.0;1.2397858551704706;amazon;3549.0
CA;2023;18;Call of Duty;105.0;2.982107355864811;amazon;3521.0
CA;2023;23;Counter-Strike: Global Offensive;63.0;1.7751479289940828;amazon;3549.0
CA;2023;38;Rust;106.0;2.9867568329106793;amazon;3549.0
CA;2023;97;Stardew Valley;130.0;3.6630036630036633;amazon;3549.0
CH;2019;168;Among Us;0.0;0.0;amazon;2949.0
CH;2019;18;Call of Duty;235.0;7.9688029840623935;amazon;2949.0
CH;2019;23;Counter-Strike: Global Offensive;136.0;4.611732790776534;amazon;2949.0
CH;2019;38;Rust;424.0;14.377755171244488;amazon;2949.0
CH;2019;97;Stardew Valley;53.0;1.797219396405561;amazon;2949.0
CH;2020;168;Among Us;198.0;6.662180349932706;amazon;2972.0
CH;2020;18;Call of Duty;428.0;14.401076716016151;amazon;2972.0
CH;2020;23;Counter-Strike: Global Offensive;167.0;5.619111709286676;amazon;2972.0
CH;2020;38;Rust;239.0;8.041722745625842;amazon;2972.0
CH;2020;97;Stardew Valley;63.0;2.11978465679677;amazon;2972.0
CH;2021;168;Among Us;127.0;4.59479015918958;amazon;2764.0
CH;2021;18;Call of Duty;276.0;9.985528219971057;amazon;2764.0
CH;2021;23;Counter-Strike: Global Offensive;119.0;4.305354558610709;amazon;2764.0
CH;2021;38;Rust;314.0;11.360347322720694;amazon;2764.0
CH;2021;97;Stardew Valley;70.0;2.532561505065123;amazon;2764.0
CH;2022;168;Among Us;63.0;1.8562168532704773;amazon;3394.0
CH;2022;18;Call of Duty;274.0;8.07307012374779;amazon;3394.0
CH;2022;23;Counter-Strike: Global Offensive;153.0;4.5079552150854445;amazon;3394.0
CH;2022;38;Rust;454.0;13.376546847377726;amazon;3394.0
CH;2022;97;Stardew Valley;100.0;2.946375957572186;amazon;3394.0
CH;2023;168;Among Us;54.0;1.4689880304679;amazon;3676.0
CH;2023;18;Call of Duty;270.0;7.3449401523394995;amazon;3676.0
CH;2023;23;Counter-Strike: Global Offensive;202.0;5.495103373231774;amazon;3676.0
CH;2023;38;Rust;505.0;13.737758433079433;amazon;3676.0
CH;2023;97;Stardew Valley;105.0;2.856365614798694;amazon;3676.0
CL;2019;168;Among Us;0.0;0.0;amazon;848.0
CL;2019;18;Call of Duty;223.0;26.297169811320753;amazon;848.0
CL;2019;23;Counter-Strike: Global Offensive;107.0;12.617924528301888;amazon;848.0
CL;2019;38;Rust;26.0;3.0660377358490565;amazon;848.0
CL;2019;97;Stardew Valley;53.0;6.25;amazon;848.0
CL;2020;168;Among Us;551.0;24.543429844097993;amazon;2245.0
CL;2020;18;Call of Duty;472.0;21.024498886414253;amazon;2245.0
CL;2020;23;Counter-Strike: Global Offensive;196.0;8.730512249443208;amazon;2245.0
CL;2020;38;Rust;51.0;2.271714922048998;amazon;2245.0
CL;2020;97;Stardew Valley;75.0;3.34075723830735;amazon;2245.0
CL;2021;168;Among Us;333.0;18.613750698714366;amazon;1789.0
CL;2021;18;Call of Duty;337.0;18.83733929569592;amazon;1789.0
CL;2021;23;Counter-Strike: Global Offensive;163.0;9.111235326998324;amazon;1789.0
CL;2021;38;Rust;92.0;5.14253773057574;amazon;1789.0
CL;2021;97;Stardew Valley;93.0;5.198434879821129;amazon;1789.0
CL;2022;168;Among Us;200.0;14.124293785310735;amazon;1416.0
CL;2022;18;Call of Duty;309.0;21.822033898305087;amazon;1416.0
CL;2022;23;Counter-Strike: Global Offensive;115.0;8.121468926553673;amazon;1416.0
CL;2022;38;Rust;73.0;5.155367231638418;amazon;1416.0
CL;2022;97;Stardew Valley;141.0;9.957627118644067;amazon;1416.0
CL;2023;168;Among Us;117.0;9.24170616113744;amazon;1266.0
CL;2023;18;Call of Duty;319.0;25.19747235387046;amazon;1266.0
CL;2023;23;Counter-Strike: Global Offensive;116.0;9.162717219589258;amazon;1266.0
CL;2023;38;Rust;69.0;5.450236966824645;amazon;1266.0
CL;2023;97;Stardew Valley;188.0;14.84992101105845;amazon;1266.0
CO;2019;168;Among Us;0.0;0.0;amazon;1859.0
CO;2019;18;Call of Duty;437.0;20.25023169601483;amazon;2158.0
CO;2019;23;Counter-Strike: Global Offensive;52.0;2.4096385542168677;amazon;2158.0
CO;2019;38;Rust;2.0;0.10758472296933834;amazon;1859.0
CO;2019;97;Stardew Valley;17.0;0.914470145239376;amazon;1859.0
CO;2020;168;Among Us;757.0;23.70068879148403;amazon;3194.0
CO;2020;18;Call of Duty;842.0;22.744462452728257;amazon;3702.0
CO;2020;23;Counter-Strike: Global Offensive;61.0;1.6477579686655863;amazon;3702.0
CO;2020;38;Rust;7.0;0.21916092673763304;amazon;3194.0
CO;2020;97;Stardew Valley;35.0;1.0958046336881653;amazon;3194.0
CO;2021;168;Among Us;492.0;16.110019646365423;amazon;3054.0
CO;2021;18;Call of Duty;646.0;18.243434058175655;amazon;3541.0
CO;2021;23;Counter-Strike: Global Offensive;53.0;1.496752329850325;amazon;3541.0
CO;2021;38;Rust;57.0;1.8664047151277015;amazon;3054.0
CO;2021;97;Stardew Valley;56.0;1.8336607727570402;amazon;3054.0
CO;2022;168;Among Us;195.0;6.691832532601236;amazon;2914.0
CO;2022;18;Call of Duty;541.0;16.0153937240971;amazon;3378.0
CO;2022;23;Counter-Strike: Global Offensive;52.0;1.5393724097098875;amazon;3378.0
CO;2022;38;Rust;53.0;1.818805765271105;amazon;2914.0
CO;2022;97;Stardew Valley;73.0;2.5051475634866165;amazon;2914.0
CO;2023;168;Among Us;166.0;5.176177112566261;amazon;3207.0
CO;2023;18;Call of Duty;591.0;15.895642818719741;amazon;3718.0
CO;2023;23;Counter-Strike: Global Offensive;56.0;1.506186121570737;amazon;3718.0
CO;2023;38;Rust;53.0;1.652634861241035;amazon;3207.0
CO;2023;97;Stardew Valley;109.0;3.39881509198628;amazon;3207.0
CZ;2019;168;Among Us;4.0;0.14456089627755692;amazon;2767.0
CZ;2019;18;Call of Duty;1119.0;29.8718633208756;amazon;3746.0
CZ;2019;23;Counter-Strike: Global Offensive;1657.0;44.23384943940203;amazon;3746.0
CZ;2019;38;Rust;673.0;24.32237079869895;amazon;2767.0
CZ;2019;97;Stardew Valley;134.0;4.842790025298157;amazon;2767.0
CZ;2020;168;Among Us;983.0;36.96878525761564;amazon;2659.0
CZ;2020;18;Call of Duty;1915.0;53.298079599220706;amazon;3593.0
CZ;2020;23;Counter-Strike: Global Offensive;2489.0;69.27358753131088;amazon;3593.0
CZ;2020;38;Rust;766.0;28.807822489657763;amazon;2659.0
CZ;2020;97;Stardew Valley;174.0;6.543813463708161;amazon;2659.0
CZ;2021;168;Among Us;648.0;27.15842414082146;amazon;2386.0
CZ;2021;18;Call of Duty;1372.0;42.51626898047722;amazon;3227.0
CZ;2021;23;Counter-Strike: Global Offensive;2910.0;90.17663464518128;amazon;3227.0
CZ;2021;38;Rust;899.0;37.678122380553226;amazon;2386.0
CZ;2021;97;Stardew Valley;229.0;9.597652975691535;amazon;2386.0
CZ;2022;168;Among Us;328.0;11.472542847149352;amazon;2859.0
CZ;2022;18;Call of Duty;1611.0;41.617153190390084;amazon;3871.0
CZ;2022;23;Counter-Strike: Global Offensive;2521.0;65.12529062257815;amazon;3871.0
CZ;2022;38;Rust;1027.0;35.92165092689752;amazon;2859.0
CZ;2022;97;Stardew Valley;354.0;12.381951731374606;amazon;2859.0
CZ;2023;168;Among Us;258.0;8.698583951449763;amazon;2966.0
CZ;2023;18;Call of Duty;1533.0;38.229426433915215;amazon;4010.0
CZ;2023;23;Counter-Strike: Global Offensive;2543.0;63.41645885286783;amazon;4010.0
CZ;2023;38;Rust;1138.0;38.36817262306136;amazon;2966.0
CZ;2023;97;Stardew Valley;388.0;13.081591368846931;amazon;2966.0
DE;2019;168;Among Us;0.0;0.0;amazon;2681.0
DE;2019;18;Call of Duty;46.0;1.7157776948899663;amazon;2681.0
DE;2019;23;Counter-Strike: Global Offensive;52.0;1.939574785527788;amazon;2681.0
DE;2019;38;Rust;38.0;1.4173815740395375;amazon;2681.0
DE;2019;97;Stardew Valley;2.0;0.07459903021260723;amazon;2681.0
DE;2020;168;Among Us;33.0;1.0869565217391304;amazon;3036.0
DE;2020;18;Call of Duty;86.0;2.8326745718050064;amazon;3036.0
DE;2020;23;Counter-Strike: Global Offensive;48.0;1.5810276679841897;amazon;3036.0
DE;2020;38;Rust;26.0;0.8563899868247694;amazon;3036.0
DE;2020;97;Stardew Valley;9.0;0.2964426877470355;amazon;3036.0
DE;2021;168;Among Us;12.0;0.44776119402985076;amazon;2680.0
DE;2021;18;Call of Duty;53.0;1.9776119402985075;amazon;2680.0
DE;2021;23;Counter-Strike: Global Offensive;29.0;1.082089552238806;amazon;2680.0
DE;2021;38;Rust;41.0;1.5298507462686568;amazon;2680.0
DE;2021;97;Stardew Valley;15.0;0.5597014925373134;amazon;2680.0
DE;2022;168;Among Us;0.0;0.0;amazon;2512.0
DE;2022;18;Call of Duty;60.0;2.388535031847134;amazon;2512.0
DE;2022;23;Counter-Strike: Global Offensive;51.0;2.0302547770700636;amazon;2512.0
DE;2022;38;Rust;52.0;2.0700636942675157;amazon;2512.0
DE;2022;97;Stardew Valley;32.0;1.2738853503184715;amazon;2512.0
DE;2023;168;Among Us;0.0;0.0;amazon;2473.0
DE;2023;18;Call of Duty;56.0;2.2644561261625555;amazon;2473.0
DE;2023;23;Counter-Strike: Global Offensive;52.0;2.1027092600080874;amazon;2473.0
DE;2023;38;Rust;55.0;2.2240194096239385;amazon;2473.0
DE;2023;97;Stardew Valley;39.0;1.5770319450060657;amazon;2473.0
DK;2019;168;Among Us;1.0;0.028968713789107762;amazon;3452.0
DK;2019;18;Call of Duty;547.0;15.845886442641946;amazon;3452.0
DK;2019;23;Counter-Strike: Global Offensive;2121.0;69.11045943304008;amazon;3069.0
DK;2019;38;Rust;647.0;18.742757821552722;amazon;3452.0
DK;2019;97;Stardew Valley;199.0;5.764774044032444;amazon;3452.0
DK;2020;168;Among Us;850.0;23.25581395348837;amazon;3655.0
DK;2020;18;Call of Duty;1003.0;27.44186046511628;amazon;3655.0
DK;2020;23;Counter-Strike: Global Offensive;2653.0;81.55548724254534;amazon;3253.0
DK;2020;38;Rust;680.0;18.6046511627907;amazon;3655.0
DK;2020;97;Stardew Valley;268.0;7.332421340629275;amazon;3655.0
DK;2021;168;Among Us;488.0;15.666131621187802;amazon;3115.0
DK;2021;18;Call of Duty;575.0;18.45906902086677;amazon;3115.0
DK;2021;23;Counter-Strike: Global Offensive;2139.0;77.24810400866738;amazon;2769.0
DK;2021;38;Rust;811.0;26.035313001605136;amazon;3115.0
DK;2021;97;Stardew Valley;346.0;11.107544141252006;amazon;3115.0
DK;2022;168;Among Us;293.0;7.951153324287652;amazon;3685.0
DK;2022;18;Call of Duty;701.0;19.023066485753056;amazon;3685.0
DK;2022;23;Counter-Strike: Global Offensive;2044.0;62.26012793176972;amazon;3283.0
DK;2022;38;Rust;954.0;25.888738127544098;amazon;3685.0
DK;2022;97;Stardew Valley;528.0;14.328358208955224;amazon;3685.0
DK;2023;168;Among Us;219.0;5.679460580912863;amazon;3856.0
DK;2023;18;Call of Duty;671.0;17.401452282157674;amazon;3856.0
DK;2023;23;Counter-Strike: Global Offensive;1970.0;57.417662489070246;amazon;3431.0
DK;2023;38;Rust;1031.0;26.737551867219917;amazon;3856.0
DK;2023;97;Stardew Valley;587.0;15.223029045643152;amazon;3856.0
EG;2019;168;Among Us;46.0;2.657423454650491;amazon;1731.0
EG;2019;18;Call of Duty;438.0;25.30329289428076;amazon;1731.0
EG;2019;23;Counter-Strike: Global Offensive;59.0;3.40843443096476;amazon;1731.0
EG;2019;38;Rust;50.0;2.8885037550548818;amazon;1731.0
EG;2019;97;Stardew Valley;3.0;0.17331022530329288;amazon;1731.0
EG;2020;168;Among Us;240.0;17.142857142857142;amazon;1400.0
EG;2020;18;Call of Duty;496.0;35.42857142857142;amazon;1400.0
EG;2020;23;Counter-Strike: Global Offensive;63.0;4.5;amazon;1400.0
EG;2020;38;Rust;51.0;3.642857142857143;amazon;1400.0
EG;2020;97;Stardew Valley;4.0;0.2857142857142857;amazon;1400.0
EG;2021;168;Among Us;154.0;8.392370572207085;amazon;1835.0
EG;2021;18;Call of Duty;305.0;16.62125340599455;amazon;1835.0
EG;2021;23;Counter-Strike: Global Offensive;51.0;2.779291553133515;amazon;1835.0
EG;2021;38;Rust;52.0;2.833787465940054;amazon;1835.0
EG;2021;97;Stardew Valley;19.0;1.0354223433242506;amazon;1835.0
EG;2022;168;Among Us;87.0;2.3513513513513513;amazon;3700.0
EG;2022;18;Call of Duty;275.0;7.4324324324324325;amazon;3700.0
EG;2022;23;Counter-Strike: Global Offensive;52.0;1.4054054054054055;amazon;3700.0
EG;2022;38;Rust;52.0;1.4054054054054055;amazon;3700.0
EG;2022;97;Stardew Valley;36.0;0.9729729729729729;amazon;3700.0
EG;2023;168;Among Us;61.0;1.6323253947016323;amazon;3737.0
EG;2023;18;Call of Duty;281.0;7.51940058870752;amazon;3737.0
EG;2023;23;Counter-Strike: Global Offensive;49.0;1.3112122023013113;amazon;3737.0
EG;2023;38;Rust;54.0;1.4450093658014451;amazon;3737.0
EG;2023;97;Stardew Valley;53.0;1.4182499331014182;amazon;3737.0
ES;2019;168;Among Us;0.0;0.0;amazon;2859.0
ES;2019;18;Call of Duty;38.0;1.3291360615599859;amazon;2859.0
ES;2019;23;Counter-Strike: Global Offensive;0.0;0.0;amazon;2859.0
ES;2019;38;Rust;0.0;0.0;amazon;2859.0
ES;2019;97;Stardew Valley;0.0;0.0;amazon;2859.0
ES;2020;168;Among Us;78.0;2.0275539381336105;amazon;3847.0
ES;2020;18;Call of Duty;72.0;1.8715882505848713;amazon;3847.0
ES;2020;23;Counter-Strike: Global Offensive;32.0;0.8318170002599428;amazon;3847.0
ES;2020;38;Rust;0.0;0.0;amazon;3847.0
ES;2020;97;Stardew Valley;9.0;0.23394853132310892;amazon;3847.0
ES;2021;168;Among Us;57.0;1.9540623928693865;amazon;2917.0
ES;2021;18;Call of Duty;52.0;1.7826534110387384;amazon;2917.0
ES;2021;23;Counter-Strike: Global Offensive;2.0;0.06856359273225918;amazon;2917.0
ES;2021;38;Rust;11.0;0.3770997600274254;amazon;2917.0
ES;2021;97;Stardew Valley;4.0;0.13712718546451835;amazon;2917.0
ES;2022;168;Among Us;4.0;0.14684287812041116;amazon;2724.0
ES;2022;18;Call of Duty;55.0;2.0190895741556534;amazon;2724.0
ES;2022;23;Counter-Strike: Global Offensive;2.0;0.07342143906020558;amazon;2724.0
ES;2022;38;Rust;11.0;0.4038179148311307;amazon;2724.0
ES;2022;97;Stardew Valley;17.0;0.6240822320117474;amazon;2724.0
ES;2023;168;Among Us;0.0;0.0;amazon;2591.0
ES;2023;18;Call of Duty;53.0;2.045542261675029;amazon;2591.0
ES;2023;23;Counter-Strike: Global Offensive;20.0;0.7719027402547279;amazon;2591.0
ES;2023;38;Rust;10.0;0.38595137012736397;amazon;2591.0
ES;2023;97;Stardew Valley;30.0;1.1578541103820919;amazon;2591.0
FI;2019;168;Among Us;1.0;0.043402777777777776;amazon;2304.0
FI;2019;18;Call of Duty;515.0;22.352430555555554;amazon;2304.0
FI;2019;23;Counter-Strike: Global Offensive;2136.0;111.0764430577223;amazon;1923.0
FI;2019;38;Rust;375.0;16.276041666666664;amazon;2304.0
FI;2019;97;Stardew Valley;183.0;7.942708333333333;amazon;2304.0
FI;2020;168;Among Us;745.0;31.607976240984303;amazon;2357.0
FI;2020;18;Call of Duty;857.0;36.35977938056852;amazon;2357.0
FI;2020;23;Counter-Strike: Global Offensive;1853.0;94.15650406504065;amazon;1968.0
FI;2020;38;Rust;393.0;16.673737802291047;amazon;2357.0
FI;2020;97;Stardew Valley;218.0;9.249045396690708;amazon;2357.0
FI;2021;168;Among Us;511.0;25.359801488833746;amazon;2015.0
FI;2021;18;Call of Duty;509.0;25.260545905707193;amazon;2015.0
FI;2021;23;Counter-Strike: Global Offensive;1349.0;80.34544371649791;amazon;1679.0
FI;2021;38;Rust;495.0;24.56575682382134;amazon;2015.0
FI;2021;97;Stardew Valley;320.0;15.88089330024814;amazon;2015.0
FI;2022;168;Among Us;265.0;11.009555463232239;amazon;2407.0
FI;2022;18;Call of Duty;592.0;24.594931449937683;amazon;2407.0
FI;2022;23;Counter-Strike: Global Offensive;1769.0;88.14150473343298;amazon;2007.0
FI;2022;38;Rust;627.0;26.049023680930617;amazon;2407.0
FI;2022;97;Stardew Valley;477.0;19.81719983381803;amazon;2407.0
FI;2023;168;Among Us;177.0;7.39657333890514;amazon;2393.0
FI;2023;18;Call of Duty;575.0;24.028416213957378;amazon;2393.0
FI;2023;23;Counter-Strike: Global Offensive;1643.0;82.27341011517277;amazon;1997.0
FI;2023;38;Rust;647.0;27.03719180944421;amazon;2393.0
FI;2023;97;Stardew Valley;496.0;20.72712076890932;amazon;2393.0
FR;2019;168;Among Us;0.0;0.0;amazon;2682.0
FR;2019;18;Call of Duty;83.0;3.0947054436987322;amazon;2682.0
FR;2019;23;Counter-Strike: Global Offensive;35.0;1.3049962714392245;amazon;2682.0
FR;2019;38;Rust;1.0;0.03728560775540641;amazon;2682.0
FR;2019;97;Stardew Valley;0.0;0.0;amazon;2682.0
FR;2020;168;Among Us;45.0;1.3837638376383763;amazon;3252.0
FR;2020;18;Call of Duty;105.0;3.2287822878228782;amazon;3252.0
FR;2020;23;Counter-Strike: Global Offensive;39.0;1.1992619926199262;amazon;3252.0
FR;2020;38;Rust;3.0;0.09225092250922509;amazon;3252.0
FR;2020;97;Stardew Valley;0.0;0.0;amazon;3252.0
FR;2021;168;Among Us;52.0;1.6993464052287581;amazon;3060.0
FR;2021;18;Call of Duty;64.0;2.091503267973856;amazon;3060.0
FR;2021;23;Counter-Strike: Global Offensive;19.0;0.6209150326797386;amazon;3060.0
FR;2021;38;Rust;21.0;0.6862745098039216;amazon;3060.0
FR;2021;97;Stardew Valley;0.0;0.0;amazon;3060.0
FR;2022;168;Among Us;0.0;0.0;amazon;3169.0
FR;2022;18;Call of Duty;70.0;2.2088987062164724;amazon;3169.0
FR;2022;23;Counter-Strike: Global Offensive;30.0;0.9466708740927736;amazon;3169.0
FR;2022;38;Rust;41.0;1.2937835279267906;amazon;3169.0
FR;2022;97;Stardew Valley;8.0;0.2524455664247397;amazon;3169.0
FR;2023;168;Among Us;0.0;0.0;amazon;3300.0
FR;2023;18;Call of Duty;67.0;2.0303030303030303;amazon;3300.0
FR;2023;23;Counter-Strike: Global Offensive;37.0;1.121212121212121;amazon;3300.0
FR;2023;38;Rust;51.0;1.5454545454545454;amazon;3300.0
FR;2023;97;Stardew Valley;3.0;0.09090909090909091;amazon;3300.0
GB;2019;168;Among Us;0.0;0.0;amazon;2832.0
GB;2019;18;Call of Duty;83.0;2.9307909604519775;amazon;2832.0
GB;2019;23;Counter-Strike: Global Offensive;4.0;0.14124293785310735;amazon;2832.0
GB;2019;38;Rust;52.0;1.8361581920903955;amazon;2832.0
GB;2019;97;Stardew Valley;3.0;0.1059322033898305;amazon;2832.0
GB;2020;168;Among Us;60.0;1.6638935108153077;amazon;3606.0
GB;2020;18;Call of Duty;148.0;4.1042706600110925;amazon;3606.0
GB;2020;23;Counter-Strike: Global Offensive;28.0;0.776483638380477;amazon;3606.0
GB;2020;38;Rust;52.0;1.4420410427066;amazon;3606.0
GB;2020;97;Stardew Valley;23.0;0.6378258458125347;amazon;3606.0
GB;2021;168;Among Us;59.0;1.826060043330238;amazon;3231.0
GB;2021;18;Call of Duty;88.0;2.7236149798823894;amazon;3231.0
GB;2021;23;Counter-Strike: Global Offensive;15.0;0.4642525533890436;amazon;3231.0
GB;2021;38;Rust;55.0;1.7022593624264934;amazon;3231.0
GB;2021;97;Stardew Valley;51.0;1.5784586815227482;amazon;3231.0
GB;2022;168;Among Us;17.0;0.5743243243243243;amazon;2960.0
GB;2022;18;Call of Duty;77.0;2.6013513513513513;amazon;2960.0
GB;2022;23;Counter-Strike: Global Offensive;16.0;0.5405405405405406;amazon;2960.0
GB;2022;38;Rust;52.0;1.7567567567567568;amazon;2960.0
GB;2022;97;Stardew Valley;52.0;1.7567567567567568;amazon;2960.0
GB;2023;168;Among Us;0.0;0.0;amazon;2922.0
GB;2023;18;Call of Duty;77.0;2.6351813826146477;amazon;2922.0
GB;2023;23;Counter-Strike: Global Offensive;33.0;1.1293634496919918;amazon;2922.0
GB;2023;38;Rust;53.0;1.8138261464750172;amazon;2922.0
GB;2023;97;Stardew Valley;53.0;1.8138261464750172;amazon;2922.0
GR;2019;168;Among Us;2.0;0.07902015013828526;amazon;2531.0
GR;2019;18;Call of Duty;299.0;11.813512445673647;amazon;2531.0
GR;2019;23;Counter-Strike: Global Offensive;265.0;10.470169893322797;amazon;2531.0
GR;2019;38;Rust;109.0;4.306598182536547;amazon;2531.0
GR;2019;97;Stardew Valley;44.0;1.738443303042276;amazon;2531.0
GR;2020;168;Among Us;458.0;19.276094276094277;amazon;2376.0
GR;2020;18;Call of Duty;573.0;24.116161616161616;amazon;2376.0
GR;2020;23;Counter-Strike: Global Offensive;297.0;12.5;amazon;2376.0
GR;2020;38;Rust;113.0;4.755892255892256;amazon;2376.0
GR;2020;97;Stardew Valley;56.0;2.356902356902357;amazon;2376.0
GR;2021;168;Among Us;360.0;16.861826697892273;amazon;2135.0
GR;2021;18;Call of Duty;348.0;16.29976580796253;amazon;2135.0
GR;2021;23;Counter-Strike: Global Offensive;245.0;11.475409836065573;amazon;2135.0
GR;2021;38;Rust;135.0;6.323185011709602;amazon;2135.0
GR;2021;97;Stardew Valley;63.0;2.9508196721311477;amazon;2135.0
GR;2022;168;Among Us;195.0;8.094645080946451;amazon;2409.0
GR;2022;18;Call of Duty;378.0;15.69115815691158;amazon;2409.0
GR;2022;23;Counter-Strike: Global Offensive;271.0;11.249481112494811;amazon;2409.0
GR;2022;38;Rust;178.0;7.38895807388958;amazon;2409.0
GR;2022;97;Stardew Valley;101.0;4.192611041926111;amazon;2409.0
GR;2023;168;Among Us;145.0;6.3429571303587045;amazon;2286.0
GR;2023;18;Call of Duty;344.0;15.04811898512686;amazon;2286.0
GR;2023;23;Counter-Strike: Global Offensive;268.0;11.723534558180228;amazon;2286.0
GR;2023;38;Rust;184.0;8.048993875765529;amazon;2286.0
GR;2023;97;Stardew Valley;105.0;4.593175853018373;amazon;2286.0
HK;2019;168;Among Us;0.0;0.0;amazon;819.0
HK;2019;18;Call of Duty;73.0;8.913308913308914;amazon;819.0
HK;2019;23;Counter-Strike: Global Offensive;94.0;11.477411477411477;amazon;819.0
HK;2019;38;Rust;34.0;4.151404151404151;amazon;819.0
HK;2019;97;Stardew Valley;26.0;3.1746031746031744;amazon;819.0
HK;2020;168;Among Us;70.0;6.1946902654867255;amazon;1130.0
HK;2020;18;Call of Duty;120.0;10.619469026548673;amazon;1130.0
HK;2020;23;Counter-Strike: Global Offensive;145.0;12.831858407079647;amazon;1130.0
HK;2020;38;Rust;48.0;4.2477876106194685;amazon;1130.0
HK;2020;97;Stardew Valley;23.0;2.0353982300884956;amazon;1130.0
HK;2021;168;Among Us;62.0;8.115183246073299;amazon;764.0
HK;2021;18;Call of Duty;68.0;8.900523560209423;amazon;764.0
HK;2021;23;Counter-Strike: Global Offensive;119.0;15.575916230366493;amazon;764.0
HK;2021;38;Rust;50.0;6.544502617801047;amazon;764.0
HK;2021;97;Stardew Valley;39.0;5.104712041884817;amazon;764.0
HK;2022;168;Among Us;52.0;6.025492468134415;amazon;863.0
HK;2022;18;Call of Duty;69.0;7.995365005793744;amazon;863.0
HK;2022;23;Counter-Strike: Global Offensive;116.0;13.441483198146004;amazon;863.0
HK;2022;38;Rust;58.0;6.720741599073002;amazon;863.0
HK;2022;97;Stardew Valley;45.0;5.214368482039398;amazon;863.0
HK;2023;168;Among Us;25.0;3.3200531208499333;amazon;753.0
HK;2023;18;Call of Duty;63.0;8.366533864541832;amazon;753.0
HK;2023;23;Counter-Strike: Global Offensive;106.0;14.07702523240372;amazon;753.0
HK;2023;38;Rust;53.0;7.03851261620186;amazon;753.0
HK;2023;97;Stardew Valley;53.0;7.03851261620186;amazon;753.0
HU;2019;168;Among Us;6.0;0.23781212841854932;amazon;2523.0
HU;2019;18;Call of Duty;1190.0;43.57378249725375;amazon;2731.0
HU;2019;23;Counter-Strike: Global Offensive;1214.0;43.77930039668229;amazon;2773.0
HU;2019;38;Rust;291.0;11.533888228299643;amazon;2523.0
HU;2019;97;Stardew Valley;347.0;13.753468093539437;amazon;2523.0
HU;2020;168;Among Us;1175.0;50.27813436029097;amazon;2337.0
HU;2020;18;Call of Duty;2095.0;82.80632411067194;amazon;2530.0
HU;2020;23;Counter-Strike: Global Offensive;1592.0;61.77726038028716;amazon;2577.0
HU;2020;38;Rust;299.0;12.794180573384681;amazon;2337.0
HU;2020;97;Stardew Valley;342.0;14.634146341463413;amazon;2337.0
HU;2021;168;Among Us;777.0;35.06317689530686;amazon;2216.0
HU;2021;18;Call of Duty;1450.0;60.46705587989991;amazon;2398.0
HU;2021;23;Counter-Strike: Global Offensive;1319.0;54.05737704918033;amazon;2440.0
HU;2021;38;Rust;435.0;19.629963898916966;amazon;2216.0
HU;2021;97;Stardew Valley;554.0;25.0;amazon;2216.0
HU;2022;168;Among Us;367.0;12.551299589603282;amazon;2924.0
HU;2022;18;Call of Duty;1602.0;50.696202531645575;amazon;3160.0
HU;2022;23;Counter-Strike: Global Offensive;1367.0;42.54590725178961;amazon;3213.0
HU;2022;38;Rust;537.0;18.365253077975378;amazon;2924.0
HU;2022;97;Stardew Valley;751.0;25.683994528043776;amazon;2924.0
HU;2023;168;Among Us;269.0;8.705501618122979;amazon;3090.0
HU;2023;18;Call of Duty;1527.0;45.595700209017615;amazon;3349.0
HU;2023;23;Counter-Strike: Global Offensive;1857.0;54.58553791887125;amazon;3402.0
HU;2023;38;Rust;580.0;18.77022653721683;amazon;3090.0
HU;2023;97;Stardew Valley;836.0;27.055016181229774;amazon;3090.0
ID;2019;168;Among Us;0.0;0.0;amazon;646.0
ID;2019;18;Call of Duty;1005.0;70.87447108603668;amazon;1418.0
ID;2019;23;Counter-Strike: Global Offensive;725.0;27.949113338473403;amazon;2594.0
ID;2019;38;Rust;52.0;8.04953560371517;amazon;646.0
ID;2019;97;Stardew Valley;89.0;13.777089783281735;amazon;646.0
ID;2020;168;Among Us;709.0;139.01960784313724;amazon;510.0
ID;2020;18;Call of Duty;750.0;66.96428571428571;amazon;1120.0
ID;2020;23;Counter-Strike: Global Offensive;726.0;35.44921875;amazon;2048.0
ID;2020;38;Rust;52.0;10.196078431372548;amazon;510.0
ID;2020;97;Stardew Valley;105.0;20.588235294117645;amazon;510.0
ID;2021;168;Among Us;283.0;61.52173913043478;amazon;460.0
ID;2021;18;Call of Duty;464.0;46.44644644644645;amazon;999.0
ID;2021;23;Counter-Strike: Global Offensive;478.0;26.07746863066012;amazon;1833.0
ID;2021;38;Rust;52.0;11.304347826086957;amazon;460.0
ID;2021;97;Stardew Valley;93.0;20.217391304347824;amazon;460.0
ID;2022;168;Among Us;125.0;31.4070351758794;amazon;398.0
ID;2022;18;Call of Duty;452.0;51.247165532879826;amazon;882.0
ID;2022;23;Counter-Strike: Global Offensive;413.0;25.604463732176068;amazon;1613.0
ID;2022;38;Rust;52.0;13.06532663316583;amazon;398.0
ID;2022;97;Stardew Valley;131.0;32.914572864321606;amazon;398.0
ID;2023;168;Among Us;59.0;17.151162790697676;amazon;344.0
ID;2023;18;Call of Duty;416.0;55.39280958721704;amazon;751.0
ID;2023;23;Counter-Strike: Global Offensive;395.0;28.499278499278503;amazon;1386.0
ID;2023;38;Rust;53.0;15.406976744186046;amazon;344.0
ID;2023;97;Stardew Valley;212.0;61.627906976744185;amazon;344.0
IL;2019;168;Among Us;0.0;0.0;amazon;1829.0
IL;2019;18;Call of Duty;136.0;7.435757244395845;amazon;1829.0
IL;2019;23;Counter-Strike: Global Offensive;112.0;6.12356478950246;amazon;1829.0
IL;2019;38;Rust;52.0;2.8430836522689993;amazon;1829.0
IL;2019;97;Stardew Valley;9.0;0.4920721705850191;amazon;1829.0
IL;2020;168;Among Us;151.0;8.961424332344214;amazon;1685.0
IL;2020;18;Call of Duty;232.0;13.768545994065281;amazon;1685.0
IL;2020;23;Counter-Strike: Global Offensive;177.0;10.504451038575667;amazon;1685.0
IL;2020;38;Rust;56.0;3.323442136498516;amazon;1685.0
IL;2020;97;Stardew Valley;21.0;1.2462908011869436;amazon;1685.0
IL;2021;168;Among Us;82.0;5.647382920110193;amazon;1452.0
IL;2021;18;Call of Duty;140.0;9.641873278236915;amazon;1452.0
IL;2021;23;Counter-Strike: Global Offensive;178.0;12.258953168044078;amazon;1452.0
IL;2021;38;Rust;90.0;6.198347107438017;amazon;1452.0
IL;2021;97;Stardew Valley;41.0;2.8236914600550964;amazon;1452.0
IL;2022;168;Among Us;53.0;2.844873859366613;amazon;1863.0
IL;2022;18;Call of Duty;148.0;7.94417606011809;amazon;1863.0
IL;2022;23;Counter-Strike: Global Offensive;155.0;8.319914117015566;amazon;1863.0
IL;2022;38;Rust;104.0;5.58239398819109;amazon;1863.0
IL;2022;97;Stardew Valley;53.0;2.844873859366613;amazon;1863.0
IL;2023;168;Among Us;46.0;2.72189349112426;amazon;1690.0
IL;2023;18;Call of Duty;152.0;8.994082840236686;amazon;1690.0
IL;2023;23;Counter-Strike: Global Offensive;189.0;11.18343195266272;amazon;1690.0
IL;2023;38;Rust;114.0;6.7455621301775155;amazon;1690.0
IL;2023;97;Stardew Valley;59.0;3.4911242603550297;amazon;1690.0
IN;2019;168;Among Us;0.0;0.0;amazon;2613.0
IN;2019;18;Call of Duty;53.0;2.0283199387677;amazon;2613.0
IN;2019;23;Counter-Strike: Global Offensive;0.0;0.0;amazon;2613.0
IN;2019;38;Rust;0.0;0.0;amazon;2613.0
IN;2019;97;Stardew Valley;0.0;0.0;amazon;2613.0
IN;2020;168;Among Us;38.0;1.1889862327909888;amazon;3196.0
IN;2020;18;Call of Duty;93.0;2.909887359198999;amazon;3196.0
IN;2020;23;Counter-Strike: Global Offensive;26.0;0.8135168961201502;amazon;3196.0
IN;2020;38;Rust;0.0;0.0;amazon;3196.0
IN;2020;97;Stardew Valley;0.0;0.0;amazon;3196.0
IN;2021;168;Among Us;28.0;1.0347376201034737;amazon;2706.0
IN;2021;18;Call of Duty;57.0;2.106430155210643;amazon;2706.0
IN;2021;23;Counter-Strike: Global Offensive;4.0;0.14781966001478197;amazon;2706.0
IN;2021;38;Rust;2.0;0.07390983000739099;amazon;2706.0
IN;2021;97;Stardew Valley;0.0;0.0;amazon;2706.0
IN;2022;168;Among Us;0.0;0.0;amazon;2596.0
IN;2022;18;Call of Duty;52.0;2.0030816640986133;amazon;2596.0
IN;2022;23;Counter-Strike: Global Offensive;0.0;0.0;amazon;2596.0
IN;2022;38;Rust;2.0;0.07704160246533129;amazon;2596.0
IN;2022;97;Stardew Valley;0.0;0.0;amazon;2596.0
IN;2023;168;Among Us;0.0;0.0;amazon;2553.0
IN;2023;18;Call of Duty;53.0;2.0759890325107717;amazon;2553.0
IN;2023;23;Counter-Strike: Global Offensive;1.0;0.03916960438699569;amazon;2553.0
IN;2023;38;Rust;2.0;0.07833920877399138;amazon;2553.0
IN;2023;97;Stardew Valley;0.0;0.0;amazon;2553.0
IR;2019;168;Among Us;12.0;0.486815415821501;amazon;2465.0
IR;2019;18;Call of Duty;756.0;147.94520547945206;amazon;511.0
IR;2019;23;Counter-Strike: Global Offensive;684.0;27.748478701825558;amazon;2465.0
IR;2019;38;Rust;166.0;6.734279918864098;amazon;2465.0
IR;2019;97;Stardew Valley;45.0;1.8255578093306288;amazon;2465.0
IR;2020;168;Among Us;510.0;25.914634146341463;amazon;1968.0
IR;2020;18;Call of Duty;1609.0;393.398533007335;amazon;409.0
IR;2020;23;Counter-Strike: Global Offensive;666.0;33.84146341463415;amazon;1968.0
IR;2020;38;Rust;119.0;6.046747967479675;amazon;1968.0
IR;2020;97;Stardew Valley;51.0;2.591463414634146;amazon;1968.0
IR;2021;168;Among Us;297.0;15.984930032292787;amazon;1858.0
IR;2021;18;Call of Duty;3399.0;882.8571428571429;amazon;385.0
IR;2021;23;Counter-Strike: Global Offensive;504.0;27.125941872981702;amazon;1858.0
IR;2021;38;Rust;162.0;8.719052744886975;amazon;1858.0
IR;2021;97;Stardew Valley;87.0;4.682454251883747;amazon;1858.0
IR;2022;168;Among Us;221.0;9.968425800631483;amazon;2217.0
IR;2022;18;Call of Duty;3412.0;738.5281385281386;amazon;462.0
IR;2022;23;Counter-Strike: Global Offensive;498.0;22.46278755074425;amazon;2217.0
IR;2022;38;Rust;204.0;9.201623815967523;amazon;2217.0
IR;2022;97;Stardew Valley;183.0;8.254397834912043;amazon;2217.0
IR;2023;168;Among Us;169.0;7.752293577981652;amazon;2180.0
IR;2023;18;Call of Duty;3218.0;716.7037861915367;amazon;449.0
IR;2023;23;Counter-Strike: Global Offensive;438.0;20.091743119266056;amazon;2180.0
IR;2023;38;Rust;207.0;9.495412844036698;amazon;2180.0
IR;2023;97;Stardew Valley;268.0;12.293577981651376;amazon;2180.0
IT;2019;168;Among Us;0.0;0.0;amazon;2546.0
IT;2019;18;Call of Duty;17.0;0.6677140612725845;amazon;2546.0
IT;2019;23;Counter-Strike: Global Offensive;0.0;0.0;amazon;2546.0
IT;2019;38;Rust;0.0;0.0;amazon;2546.0
IT;2019;97;Stardew Valley;0.0;0.0;amazon;2546.0
IT;2020;168;Among Us;35.0;1.0641532380662815;amazon;3289.0
IT;2020;18;Call of Duty;67.0;2.0370933414411674;amazon;3289.0
IT;2020;23;Counter-Strike: Global Offensive;0.0;0.0;amazon;3289.0
IT;2020;38;Rust;0.0;0.0;amazon;3289.0
IT;2020;97;Stardew Valley;0.0;0.0;amazon;3289.0
IT;2021;168;Among Us;14.0;0.5309063329541145;amazon;2637.0
IT;2021;18;Call of Duty;50.0;1.8960940462646947;amazon;2637.0
IT;2021;23;Counter-Strike: Global Offensive;0.0;0.0;amazon;2637.0
IT;2021;38;Rust;1.0;0.037921880925293895;amazon;2637.0
IT;2021;97;Stardew Valley;0.0;0.0;amazon;2637.0
IT;2022;168;Among Us;0.0;0.0;amazon;2656.0
IT;2022;18;Call of Duty;52.0;1.957831325301205;amazon;2656.0
IT;2022;23;Counter-Strike: Global Offensive;0.0;0.0;amazon;2656.0
IT;2022;38;Rust;0.0;0.0;amazon;2656.0
IT;2022;97;Stardew Valley;0.0;0.0;amazon;2656.0
IT;2023;168;Among Us;0.0;0.0;amazon;2530.0
IT;2023;18;Call of Duty;47.0;1.8577075098814229;amazon;2530.0
IT;2023;23;Counter-Strike: Global Offensive;0.0;0.0;amazon;2530.0
IT;2023;38;Rust;0.0;0.0;amazon;2530.0
IT;2023;97;Stardew Valley;0.0;0.0;amazon;2530.0
JP;2019;168;Among Us;0.0;0.0;amazon;2506.0
JP;2019;18;Call of Duty;125.0;4.988028731045491;amazon;2506.0
JP;2019;23;Counter-Strike: Global Offensive;0.0;0.0;amazon;2506.0
JP;2019;38;Rust;0.0;0.0;amazon;2506.0
JP;2019;97;Stardew Valley;0.0;0.0;amazon;2506.0
JP;2020;168;Among Us;22.0;0.5971769815418024;amazon;3684.0
JP;2020;18;Call of Duty;199.0;5.401737242128122;amazon;3684.0
JP;2020;23;Counter-Strike: Global Offensive;2.0;0.05428881650380022;amazon;3684.0
JP;2020;38;Rust;1.0;0.02714440825190011;amazon;3684.0
JP;2020;97;Stardew Valley;15.0;0.40716612377850164;amazon;3684.0
JP;2021;168;Among Us;61.0;1.8079430942501484;amazon;3374.0
JP;2021;18;Call of Duty;120.0;3.5566093657379962;amazon;3374.0
JP;2021;23;Counter-Strike: Global Offensive;0.0;0.0;amazon;3374.0
JP;2021;38;Rust;9.0;0.26674570243034973;amazon;3374.0
JP;2021;97;Stardew Valley;28.0;0.8298755186721992;amazon;3374.0
JP;2022;168;Among Us;17.0;0.47887323943661975;amazon;3550.0
JP;2022;18;Call of Duty;85.0;2.3943661971830985;amazon;3550.0
JP;2022;23;Counter-Strike: Global Offensive;0.0;0.0;amazon;3550.0
JP;2022;38;Rust;70.0;1.971830985915493;amazon;3550.0
JP;2022;97;Stardew Valley;22.0;0.6197183098591549;amazon;3550.0
JP;2023;168;Among Us;0.0;0.0;amazon;3469.0
JP;2023;18;Call of Duty;78.0;2.24848659556068;amazon;3469.0
JP;2023;23;Counter-Strike: Global Offensive;6.0;0.17296050735082155;amazon;3469.0
JP;2023;38;Rust;59.0;1.7007783222830788;amazon;3469.0
JP;2023;97;Stardew Valley;41.0;1.181896800230614;amazon;3469.0
KR;2019;168;Among Us;2.0;0.06485084306095978;amazon;3084.0
KR;2019;18;Call of Duty;468.0;14.143245693563012;amazon;3309.0
KR;2019;23;Counter-Strike: Global Offensive;312.0;9.42883046237534;amazon;3309.0
KR;2019;38;Rust;206.0;6.679636835278859;amazon;3084.0
KR;2019;97;Stardew Valley;1818.0;58.949416342412455;amazon;3084.0
KR;2020;168;Among Us;241.0;8.155668358714044;amazon;2955.0
KR;2020;18;Call of Duty;980.0;30.914826498422716;amazon;3170.0
KR;2020;23;Counter-Strike: Global Offensive;381.0;12.018927444794953;amazon;3170.0
KR;2020;38;Rust;239.0;8.087986463620982;amazon;2955.0
KR;2020;97;Stardew Valley;2170.0;73.43485617597293;amazon;2955.0
KR;2021;168;Among Us;155.0;6.277845281490483;amazon;2469.0
KR;2021;18;Call of Duty;618.0;23.364839319470697;amazon;2645.0
KR;2021;23;Counter-Strike: Global Offensive;336.0;12.703213610586012;amazon;2645.0
KR;2021;38;Rust;239.0;9.680032401782098;amazon;2469.0
KR;2021;97;Stardew Valley;1767.0;71.5674362089915;amazon;2469.0
KR;2022;168;Among Us;77.0;3.3757124068391056;amazon;2281.0
KR;2022;18;Call of Duty;625.0;25.541479362484676;amazon;2447.0
KR;2022;23;Counter-Strike: Global Offensive;329.0;13.445034736411934;amazon;2447.0
KR;2022;38;Rust;412.0;18.062253397632617;amazon;2281.0
KR;2022;97;Stardew Valley;1740.0;76.28233231039017;amazon;2281.0
KR;2023;168;Among Us;60.0;2.1699819168173597;amazon;2765.0
KR;2023;18;Call of Duty;531.0;17.927076299797434;amazon;2962.0
KR;2023;23;Counter-Strike: Global Offensive;431.0;14.550979068197165;amazon;2962.0
KR;2023;38;Rust;435.0;15.732368896925857;amazon;2765.0
KR;2023;97;Stardew Valley;1697.0;61.374321880650996;amazon;2765.0
MX;2019;168;Among Us;0.0;0.0;amazon;2691.0
MX;2019;18;Call of Duty;166.0;6.159554730983302;amazon;2695.0
MX;2019;23;Counter-Strike: Global Offensive;0.0;0.0;amazon;2691.0
MX;2019;38;Rust;1.0;0.03716090672612412;amazon;2691.0
MX;2019;97;Stardew Valley;11.0;0.4087699739873653;amazon;2691.0
MX;2020;168;Among Us;375.0;10.159848279599025;amazon;3691.0
MX;2020;18;Call of Duty;368.0;9.954016770354341;amazon;3697.0
MX;2020;23;Counter-Strike: Global Offensive;2.0;0.0541858574911948;amazon;3691.0
MX;2020;38;Rust;1.0;0.0270929287455974;amazon;3691.0
MX;2020;97;Stardew Valley;23.0;0.6231373611487402;amazon;3691.0
MX;2021;168;Among Us;282.0;8.666256914566688;amazon;3254.0
MX;2021;18;Call of Duty;305.0;9.373079287031345;amazon;3254.0
MX;2021;23;Counter-Strike: Global Offensive;0.0;0.0;amazon;3254.0
MX;2021;38;Rust;17.0;0.5224339274738783;amazon;3254.0
MX;2021;97;Stardew Valley;34.0;1.0448678549477566;amazon;3254.0
MX;2022;168;Among Us;130.0;3.8404726735598227;amazon;3385.0
MX;2022;18;Call of Duty;249.0;7.355982274741507;amazon;3385.0
MX;2022;23;Counter-Strike: Global Offensive;0.0;0.0;amazon;3385.0
MX;2022;38;Rust;5.0;0.14771048744460857;amazon;3385.0
MX;2022;97;Stardew Valley;55.0;1.6248153618906942;amazon;3385.0
MX;2023;168;Among Us;84.0;2.2938285090114694;amazon;3662.0
MX;2023;18;Call of Duty;255.0;6.963407973784817;amazon;3662.0
MX;2023;23;Counter-Strike: Global Offensive;1.0;0.027307482250136534;amazon;3662.0
MX;2023;38;Rust;5.0;0.1365374112506827;amazon;3662.0
MX;2023;97;Stardew Valley;62.0;1.6930638995084655;amazon;3662.0
MY;2019;168;Among Us;12.0;0.6386375731772219;amazon;1879.0
MY;2019;18;Call of Duty;783.0;33.44724476719351;amazon;2341.0
MY;2019;23;Counter-Strike: Global Offensive;734.0;31.354122170012815;amazon;2341.0
MY;2019;38;Rust;152.0;8.08940926024481;amazon;1879.0
MY;2019;97;Stardew Valley;208.0;11.069717935071846;amazon;1879.0
MY;2020;168;Among Us;1186.0;65.56108347153123;amazon;1809.0
MY;2020;18;Call of Duty;1115.0;49.53354064860062;amazon;2251.0
MY;2020;23;Counter-Strike: Global Offensive;889.0;39.493558418480674;amazon;2251.0
MY;2020;38;Rust;177.0;9.78441127694859;amazon;1809.0
MY;2020;97;Stardew Valley;269.0;14.870093974571585;amazon;1809.0
MY;2021;168;Among Us;1159.0;75.1621271076524;amazon;1542.0
MY;2021;18;Call of Duty;845.0;44.12532637075718;amazon;1915.0
MY;2021;23;Counter-Strike: Global Offensive;751.0;39.21671018276762;amazon;1915.0
MY;2021;38;Rust;213.0;13.813229571984436;amazon;1542.0
MY;2021;97;Stardew Valley;312.0;20.233463035019454;amazon;1542.0
MY;2022;168;Among Us;357.0;24.982505248425472;amazon;1429.0
MY;2022;18;Call of Duty;639.0;36.02029312288613;amazon;1774.0
MY;2022;23;Counter-Strike: Global Offensive;579.0;32.6381059751973;amazon;1774.0
MY;2022;38;Rust;214.0;14.975507347795661;amazon;1429.0
MY;2022;97;Stardew Valley;351.0;24.56263121063681;amazon;1429.0
MY;2023;168;Among Us;224.0;15.43762922122674;amazon;1451.0
MY;2023;18;Call of Duty;642.0;35.56786703601108;amazon;1805.0
MY;2023;23;Counter-Strike: Global Offensive;573.0;31.74515235457064;amazon;1805.0
MY;2023;38;Rust;215.0;14.817367332873879;amazon;1451.0
MY;2023;97;Stardew Valley;408.0;28.11853893866299;amazon;1451.0
NG;2019;168;Among Us;48.0;1.7479970866715222;amazon;2746.0
NG;2019;18;Call of Duty;217.0;7.902403495994173;amazon;2746.0
NG;2019;23;Counter-Strike: Global Offensive;0.0;0.0;amazon;2746.0
NG;2019;38;Rust;82.0;2.986161689730517;amazon;2746.0
NG;2019;97;Stardew Valley;0.0;0.0;amazon;2746.0
NG;2020;168;Among Us;178.0;6.437613019891502;amazon;2765.0
NG;2020;18;Call of Duty;533.0;19.276672694394215;amazon;2765.0
NG;2020;23;Counter-Strike: Global Offensive;7.0;0.25316455696202533;amazon;2765.0
NG;2020;38;Rust;79.0;2.857142857142857;amazon;2765.0
NG;2020;97;Stardew Valley;1.0;0.03616636528028933;amazon;2765.0
NG;2021;168;Among Us;143.0;6.134706134706135;amazon;2331.0
NG;2021;18;Call of Duty;481.0;20.634920634920633;amazon;2331.0
NG;2021;23;Counter-Strike: Global Offensive;8.0;0.3432003432003432;amazon;2331.0
NG;2021;38;Rust;90.0;3.861003861003861;amazon;2331.0
NG;2021;97;Stardew Valley;2.0;0.0858000858000858;amazon;2331.0
NG;2022;168;Among Us;97.0;2.3986152324431256;amazon;4044.0
NG;2022;18;Call of Duty;905.0;22.37883283877349;amazon;4044.0
NG;2022;23;Counter-Strike: Global Offensive;5.0;0.12363996043521265;amazon;4044.0
NG;2022;38;Rust;137.0;3.3877349159248267;amazon;4044.0
NG;2022;97;Stardew Valley;1.0;0.02472799208704253;amazon;4044.0
NG;2023;168;Among Us;96.0;2.418745275888133;amazon;3969.0
NG;2023;18;Call of Duty;924.0;23.28042328042328;amazon;3969.0
NG;2023;23;Counter-Strike: Global Offensive;2.0;0.05039052658100278;amazon;3969.0
NG;2023;38;Rust;134.0;3.3761652809271854;amazon;3969.0
NG;2023;97;Stardew Valley;3.0;0.07558578987150416;amazon;3969.0
NL;2019;168;Among Us;0.0;0.0;amazon;1549.0
NL;2019;18;Call of Duty;431.0;27.824402840542284;amazon;1549.0
NL;2019;23;Counter-Strike: Global Offensive;203.0;13.105229180116204;amazon;1549.0
NL;2019;38;Rust;412.0;26.597805035506777;amazon;1549.0
NL;2019;97;Stardew Valley;123.0;7.940606843124597;amazon;1549.0
NL;2020;168;Among Us;418.0;15.550595238095239;amazon;2688.0
NL;2020;18;Call of Duty;786.0;29.24107142857143;amazon;2688.0
NL;2020;23;Counter-Strike: Global Offensive;236.0;8.779761904761903;amazon;2688.0
NL;2020;38;Rust;463.0;17.22470238095238;amazon;2688.0
NL;2020;97;Stardew Valley;155.0;5.766369047619048;amazon;2688.0
NL;2021;168;Among Us;244.0;8.811845431563741;amazon;2769.0
NL;2021;18;Call of Duty;484.0;17.47923438064283;amazon;2769.0
NL;2021;23;Counter-Strike: Global Offensive;183.0;6.608884073672806;amazon;2769.0
NL;2021;38;Rust;545.0;19.682195738533768;amazon;2769.0
NL;2021;97;Stardew Valley;211.0;7.620079451065366;amazon;2769.0
NL;2022;168;Among Us;121.0;3.6733454766241653;amazon;3294.0
NL;2022;18;Call of Duty;507.0;15.391621129326047;amazon;3294.0
NL;2022;23;Counter-Strike: Global Offensive;204.0;6.193078324225866;amazon;3294.0
NL;2022;38;Rust;612.0;18.579234972677597;amazon;3294.0
NL;2022;97;Stardew Valley;287.0;8.712811171827566;amazon;3294.0
NL;2023;168;Among Us;88.0;2.4024024024024024;amazon;3663.0
NL;2023;18;Call of Duty;479.0;13.076713076713077;amazon;3663.0
NL;2023;23;Counter-Strike: Global Offensive;240.0;6.552006552006552;amazon;3663.0
NL;2023;38;Rust;671.0;18.31831831831832;amazon;3663.0
NL;2023;97;Stardew Valley;294.0;8.026208026208026;amazon;3663.0
NO;2019;168;Among Us;1.0;0.03929273084479371;amazon;2545.0
NO;2019;18;Call of Duty;718.0;25.70712495524526;amazon;2793.0
NO;2019;23;Counter-Strike: Global Offensive;1261.0;45.14858575008951;amazon;2793.0
NO;2019;38;Rust;717.0;28.172888015717092;amazon;2545.0
NO;2019;97;Stardew Valley;294.0;11.552062868369353;amazon;2545.0
NO;2020;168;Among Us;1086.0;42.521534847298355;amazon;2554.0
NO;2020;18;Call of Duty;1378.0;49.12655971479501;amazon;2805.0
NO;2020;23;Counter-Strike: Global Offensive;1476.0;52.62032085561498;amazon;2805.0
NO;2020;38;Rust;822.0;32.184808144087704;amazon;2554.0
NO;2020;97;Stardew Valley;393.0;15.3876272513704;amazon;2554.0
NO;2021;168;Among Us;649.0;28.26655052264808;amazon;2296.0
NO;2021;18;Call of Duty;812.0;32.24781572676728;amazon;2518.0
NO;2021;23;Counter-Strike: Global Offensive;1211.0;48.093725178713264;amazon;2518.0
NO;2021;38;Rust;1014.0;44.16376306620209;amazon;2296.0
NO;2021;97;Stardew Valley;542.0;23.606271777003485;amazon;2296.0
NO;2022;168;Among Us;330.0;11.896178803172313;amazon;2774.0
NO;2022;18;Call of Duty;872.0;28.655931646401577;amazon;3043.0
NO;2022;23;Counter-Strike: Global Offensive;1324.0;43.50969438054552;amazon;3043.0
NO;2022;38;Rust;1057.0;38.10382119682769;amazon;2774.0
NO;2022;97;Stardew Valley;677.0;24.405191059841382;amazon;2774.0
NO;2023;168;Among Us;229.0;8.77058598238223;amazon;2611.0
NO;2023;18;Call of Duty;813.0;28.34728033472803;amazon;2868.0
NO;2023;23;Counter-Strike: Global Offensive;1456.0;50.767085076708504;amazon;2868.0
NO;2023;38;Rust;1120.0;42.89544235924933;amazon;2611.0
NO;2023;97;Stardew Valley;685.0;26.23515894293374;amazon;2611.0
NZ;2019;168;Among Us;0.0;0.0;amazon;2924.0
NZ;2019;18;Call of Duty;307.0;10.499316005471956;amazon;2924.0
NZ;2019;23;Counter-Strike: Global Offensive;216.0;7.387140902872777;amazon;2924.0
NZ;2019;38;Rust;350.0;11.969904240766075;amazon;2924.0
NZ;2019;97;Stardew Valley;185.0;6.326949384404925;amazon;2924.0
NZ;2020;168;Among Us;598.0;21.034118888498064;amazon;2843.0
NZ;2020;18;Call of Duty;624.0;21.948645796693633;amazon;2843.0
NZ;2020;23;Counter-Strike: Global Offensive;263.0;9.250791417516707;amazon;2843.0
NZ;2020;38;Rust;390.0;13.717903622933521;amazon;2843.0
NZ;2020;97;Stardew Valley;252.0;8.863876187126275;amazon;2843.0
NZ;2021;168;Among Us;324.0;11.684096646231518;amazon;2773.0
NZ;2021;18;Call of Duty;446.0;16.083663901911287;amazon;2773.0
NZ;2021;23;Counter-Strike: Global Offensive;195.0;7.03209520375045;amazon;2773.0
NZ;2021;38;Rust;531.0;19.148936170212767;amazon;2773.0
NZ;2021;97;Stardew Valley;364.0;13.126577713667508;amazon;2773.0
NZ;2022;168;Among Us;222.0;7.0543374642516685;amazon;3147.0
NZ;2022;18;Call of Duty;430.0;13.663806800127103;amazon;3147.0
NZ;2022;23;Counter-Strike: Global Offensive;212.0;6.736574515411503;amazon;3147.0
NZ;2022;38;Rust;533.0;16.936765173180806;amazon;3147.0
NZ;2022;97;Stardew Valley;481.0;15.284397839211946;amazon;3147.0
NZ;2023;168;Among Us;158.0;5.226596096592789;amazon;3023.0
NZ;2023;18;Call of Duty;410.0;13.562686073436984;amazon;3023.0
NZ;2023;23;Counter-Strike: Global Offensive;258.0;8.534568309626199;amazon;3023.0
NZ;2023;38;Rust;550.0;18.193847171683757;amazon;3023.0
NZ;2023;97;Stardew Valley;466.0;15.415150512735693;amazon;3023.0
PH;2019;168;Among Us;1.0;0.07309941520467836;amazon;1368.0
PH;2019;18;Call of Duty;412.0;30.116959064327485;amazon;1368.0
PH;2019;23;Counter-Strike: Global Offensive;401.0;29.312865497076025;amazon;1368.0
PH;2019;38;Rust;121.0;8.845029239766083;amazon;1368.0
PH;2019;97;Stardew Valley;193.0;14.108187134502925;amazon;1368.0
PH;2020;168;Among Us;1057.0;89.88095238095238;amazon;1176.0
PH;2020;18;Call of Duty;1267.0;107.73809523809523;amazon;1176.0
PH;2020;23;Counter-Strike: Global Offensive;448.0;38.095238095238095;amazon;1176.0
PH;2020;38;Rust;171.0;14.540816326530612;amazon;1176.0
PH;2020;97;Stardew Valley;302.0;25.68027210884354;amazon;1176.0
PH;2021;168;Among Us;536.0;56.96068012752391;amazon;941.0
PH;2021;18;Call of Duty;1655.0;175.87672688629118;amazon;941.0
PH;2021;23;Counter-Strike: Global Offensive;241.0;25.61105207226355;amazon;941.0
PH;2021;38;Rust;217.0;23.0605738575983;amazon;941.0
PH;2021;97;Stardew Valley;253.0;26.88629117959617;amazon;941.0
PH;2022;168;Among Us;272.0;29.21589688506982;amazon;931.0
PH;2022;18;Call of Duty;1163.0;124.91944146079483;amazon;931.0
PH;2022;23;Counter-Strike: Global Offensive;214.0;22.986036519871107;amazon;931.0
PH;2022;38;Rust;215.0;23.09344790547798;amazon;931.0
PH;2022;97;Stardew Valley;358.0;38.45327604726101;amazon;931.0
PH;2023;168;Among Us;180.0;19.189765458422176;amazon;938.0
PH;2023;18;Call of Duty;940.0;100.21321961620468;amazon;938.0
PH;2023;23;Counter-Strike: Global Offensive;231.0;24.62686567164179;amazon;938.0
PH;2023;38;Rust;198.0;21.108742004264393;amazon;938.0
PH;2023;97;Stardew Valley;486.0;51.812366737739865;amazon;938.0
PK;2019;168;Among Us;1.0;0.0764525993883792;amazon;1308.0
PK;2019;18;Call of Duty;490.0;37.46177370030581;amazon;1308.0
PK;2019;23;Counter-Strike: Global Offensive;201.0;15.36697247706422;amazon;1308.0
PK;2019;38;Rust;83.0;6.345565749235474;amazon;1308.0
PK;2019;97;Stardew Valley;1.0;0.0764525993883792;amazon;1308.0
PK;2020;168;Among Us;186.0;9.841269841269842;amazon;1890.0
PK;2020;18;Call of Duty;591.0;31.26984126984127;amazon;1890.0
PK;2020;23;Counter-Strike: Global Offensive;254.0;13.43915343915344;amazon;1890.0
PK;2020;38;Rust;94.0;4.973544973544974;amazon;1890.0
PK;2020;97;Stardew Valley;4.0;0.21164021164021166;amazon;1890.0
PK;2021;168;Among Us;172.0;7.01468189233279;amazon;2452.0
PK;2021;18;Call of Duty;342.0;13.947797716150081;amazon;2452.0
PK;2021;23;Counter-Strike: Global Offensive;183.0;7.463295269168026;amazon;2452.0
PK;2021;38;Rust;98.0;3.99673735725938;amazon;2452.0
PK;2021;97;Stardew Valley;0.0;0.0;amazon;2452.0
PK;2022;168;Among Us;78.0;2.010827532869296;amazon;3879.0
PK;2022;18;Call of Duty;312.0;8.043310131477185;amazon;3879.0
PK;2022;23;Counter-Strike: Global Offensive;132.0;3.402938901778809;amazon;3879.0
PK;2022;38;Rust;104.0;2.6811033771590616;amazon;3879.0
PK;2022;97;Stardew Valley;1.0;0.025779840164990978;amazon;3879.0
PK;2023;168;Among Us;73.0;1.9471859162443317;amazon;3749.0
PK;2023;18;Call of Duty;298.0;7.948786343024807;amazon;3749.0
PK;2023;23;Counter-Strike: Global Offensive;117.0;3.120832221925847;amazon;3749.0
PK;2023;38;Rust;105.0;2.8007468658308885;amazon;3749.0
PK;2023;97;Stardew Valley;5.0;0.13336889837289945;amazon;3749.0
PL;2019;168;Among Us;3.0;0.18214936247723132;amazon;1647.0
PL;2019;18;Call of Duty;445.0;27.656929770043504;amazon;1609.0
PL;2019;23;Counter-Strike: Global Offensive;1451.0;88.09957498482089;amazon;1647.0
PL;2019;38;Rust;178.0;10.807528840315724;amazon;1647.0
PL;2019;97;Stardew Valley;127.0;7.710989678202792;amazon;1647.0
PL;2020;168;Among Us;939.0;48.98278560250392;amazon;1917.0
PL;2020;18;Call of Duty;748.0;40.520043336944745;amazon;1846.0
PL;2020;23;Counter-Strike: Global Offensive;2000.0;104.32968179447053;amazon;1917.0
PL;2020;38;Rust;187.0;9.754825247782994;amazon;1917.0
PL;2020;97;Stardew Valley;172.0;8.972352634324466;amazon;1917.0
PL;2021;168;Among Us;617.0;27.349290780141843;amazon;2256.0
PL;2021;18;Call of Duty;488.0;22.03160270880361;amazon;2215.0
PL;2021;23;Counter-Strike: Global Offensive;1670.0;74.02482269503547;amazon;2256.0
PL;2021;38;Rust;241.0;10.682624113475176;amazon;2256.0
PL;2021;97;Stardew Valley;228.0;10.106382978723403;amazon;2256.0
PL;2022;168;Among Us;260.0;7.719714964370546;amazon;3368.0
PL;2022;18;Call of Duty;722.0;21.87215995152984;amazon;3301.0
PL;2022;23;Counter-Strike: Global Offensive;1791.0;53.17695961995249;amazon;3368.0
PL;2022;38;Rust;314.0;9.323040380047507;amazon;3368.0
PL;2022;97;Stardew Valley;373.0;11.07482185273159;amazon;3368.0
PL;2023;168;Among Us;223.0;5.845347313237221;amazon;3815.0
PL;2023;18;Call of Duty;724.0;19.53061775020232;amazon;3707.0
PL;2023;23;Counter-Strike: Global Offensive;2191.0;57.43119266055046;amazon;3815.0
PL;2023;38;Rust;362.0;9.488859764089122;amazon;3815.0
PL;2023;97;Stardew Valley;443.0;11.612057667103539;amazon;3815.0
PT;2019;168;Among Us;26.0;1.6209476309226933;amazon;1604.0
PT;2019;18;Call of Duty;145.0;9.03990024937656;amazon;1604.0
PT;2019;23;Counter-Strike: Global Offensive;399.0;24.875311720698253;amazon;1604.0
PT;2019;38;Rust;57.0;3.5536159600997506;amazon;1604.0
PT;2019;97;Stardew Valley;40.0;2.493765586034913;amazon;1604.0
PT;2020;168;Among Us;290.0;15.483182060864923;amazon;1873.0
PT;2020;18;Call of Duty;326.0;17.40523224773091;amazon;1873.0
PT;2020;23;Counter-Strike: Global Offensive;728.0;38.86812600106781;amazon;1873.0
PT;2020;38;Rust;71.0;3.7907100907634814;amazon;1873.0
PT;2020;97;Stardew Valley;58.0;3.0966364121729844;amazon;1873.0
PT;2021;168;Among Us;161.0;7.308216068996823;amazon;2203.0
PT;2021;18;Call of Duty;219.0;9.94098955969133;amazon;2203.0
PT;2021;23;Counter-Strike: Global Offensive;569.0;25.828415796640947;amazon;2203.0
PT;2021;38;Rust;112.0;5.083976395823877;amazon;2203.0
PT;2021;97;Stardew Valley;77.0;3.4952337721289153;amazon;2203.0
PT;2022;168;Among Us;75.0;2.465483234714004;amazon;3042.0
PT;2022;18;Call of Duty;212.0;6.969099276791585;amazon;3042.0
PT;2022;23;Counter-Strike: Global Offensive;474.0;15.581854043392504;amazon;3042.0
PT;2022;38;Rust;106.0;3.4845496383957926;amazon;3042.0
PT;2022;97;Stardew Valley;104.0;3.418803418803419;amazon;3042.0
PT;2023;168;Among Us;53.0;1.4624724061810155;amazon;3624.0
PT;2023;18;Call of Duty;196.0;5.408388520971302;amazon;3624.0
PT;2023;23;Counter-Strike: Global Offensive;417.0;11.506622516556291;amazon;3624.0
PT;2023;38;Rust;112.0;3.090507726269316;amazon;3624.0
PT;2023;97;Stardew Valley;119.0;3.283664459161148;amazon;3624.0
RO;2019;168;Among Us;7.0;0.2766798418972332;amazon;2530.0
RO;2019;18;Call of Duty;388.0;15.445859872611464;amazon;2512.0
RO;2019;23;Counter-Strike: Global Offensive;1085.0;42.88537549407115;amazon;2530.0
RO;2019;38;Rust;175.0;6.91699604743083;amazon;2530.0
RO;2019;97;Stardew Valley;91.0;3.5968379446640317;amazon;2530.0
RO;2020;168;Among Us;932.0;37.294917967186876;amazon;2499.0
RO;2020;18;Call of Duty;768.0;30.967741935483872;amazon;2480.0
RO;2020;23;Counter-Strike: Global Offensive;2449.0;97.99919967987195;amazon;2499.0
RO;2020;38;Rust;210.0;8.403361344537815;amazon;2499.0
RO;2020;97;Stardew Valley;122.0;4.881952781112445;amazon;2499.0
RO;2021;168;Among Us;496.0;21.602787456445995;amazon;2296.0
RO;2021;18;Call of Duty;535.0;23.547535211267608;amazon;2272.0
RO;2021;23;Counter-Strike: Global Offensive;1911.0;83.23170731707317;amazon;2296.0
RO;2021;38;Rust;285.0;12.412891986062718;amazon;2296.0
RO;2021;97;Stardew Valley;185.0;8.057491289198607;amazon;2296.0
RO;2022;168;Among Us;297.0;11.161217587373168;amazon;2661.0
RO;2022;18;Call of Duty;677.0;25.65365668813945;amazon;2639.0
RO;2022;23;Counter-Strike: Global Offensive;1539.0;57.83540022547914;amazon;2661.0
RO;2022;38;Rust;359.0;13.491168733558812;amazon;2661.0
RO;2022;97;Stardew Valley;270.0;10.146561443066517;amazon;2661.0
RO;2023;168;Among Us;192.0;7.373271889400922;amazon;2604.0
RO;2023;18;Call of Duty;633.0;24.525377760557923;amazon;2581.0
RO;2023;23;Counter-Strike: Global Offensive;1839.0;70.6221198156682;amazon;2604.0
RO;2023;38;Rust;390.0;14.976958525345621;amazon;2604.0
RO;2023;97;Stardew Valley;330.0;12.672811059907835;amazon;2604.0
RU;2019;168;Among Us;25.0;2.8026905829596416;amazon;892.0
RU;2019;18;Call of Duty;1740.0;94.82288828337875;amazon;1835.0
RU;2019;23;Counter-Strike: Global Offensive;2669.0;487.9341864716636;amazon;547.0
RU;2019;38;Rust;350.0;39.23766816143498;amazon;892.0
RU;2019;97;Stardew Valley;240.0;26.905829596412556;amazon;892.0
RU;2020;168;Among Us;870.0;112.98701298701299;amazon;770.0
RU;2020;18;Call of Duty;2430.0;153.99239543726236;amazon;1578.0
RU;2020;23;Counter-Strike: Global Offensive;3411.0;728.8461538461538;amazon;468.0
RU;2020;38;Rust;388.0;50.38961038961038;amazon;770.0
RU;2020;97;Stardew Valley;254.0;32.98701298701299;amazon;770.0
RU;2021;168;Among Us;361.0;47.62532981530343;amazon;758.0
RU;2021;18;Call of Duty;1794.0;115.51835157759176;amazon;1553.0
RU;2021;23;Counter-Strike: Global Offensive;3288.0;716.3398692810458;amazon;459.0
RU;2021;38;Rust;419.0;55.27704485488126;amazon;758.0
RU;2021;97;Stardew Valley;300.0;39.577836411609496;amazon;758.0
RU;2022;168;Among Us;177.0;18.651211801896732;amazon;949.0
RU;2022;18;Call of Duty;2397.0;122.60869565217392;amazon;1955.0
RU;2022;23;Counter-Strike: Global Offensive;3820.0;656.3573883161512;amazon;582.0
RU;2022;38;Rust;572.0;60.273972602739725;amazon;949.0
RU;2022;97;Stardew Valley;395.0;41.622760800843;amazon;949.0
RU;2023;168;Among Us;168.0;19.421965317919074;amazon;865.0
RU;2023;18;Call of Duty;2509.0;140.6390134529148;amazon;1784.0
RU;2023;23;Counter-Strike: Global Offensive;3047.0;577.0833333333333;amazon;528.0
RU;2023;38;Rust;683.0;78.95953757225433;amazon;865.0
RU;2023;97;Stardew Valley;572.0;66.1271676300578;amazon;865.0
SA;2019;168;Among Us;37.0;1.6780045351473922;amazon;2205.0
SA;2019;18;Call of Duty;263.0;11.927437641723355;amazon;2205.0
SA;2019;23;Counter-Strike: Global Offensive;53.0;2.4036281179138324;amazon;2205.0
SA;2019;38;Rust;52.0;2.35827664399093;amazon;2205.0
SA;2019;97;Stardew Valley;28.0;1.2698412698412698;amazon;2205.0
SA;2020;168;Among Us;268.0;9.878363435311464;amazon;2713.0
SA;2020;18;Call of Duty;494.0;18.20862513822337;amazon;2713.0
SA;2020;23;Counter-Strike: Global Offensive;65.0;2.395871728713601;amazon;2713.0
SA;2020;38;Rust;51.0;1.8798378179137487;amazon;2713.0
SA;2020;97;Stardew Valley;27.0;0.9952082565425728;amazon;2713.0
SA;2021;168;Among Us;193.0;7.180059523809524;amazon;2688.0
SA;2021;18;Call of Duty;463.0;17.22470238095238;amazon;2688.0
SA;2021;23;Counter-Strike: Global Offensive;46.0;1.711309523809524;amazon;2688.0
SA;2021;38;Rust;58.0;2.1577380952380953;amazon;2688.0
SA;2021;97;Stardew Valley;42.0;1.5625;amazon;2688.0
SA;2022;168;Among Us;78.0;2.4675735526732048;amazon;3161.0
SA;2022;18;Call of Duty;295.0;9.332489718443531;amazon;3161.0
SA;2022;23;Counter-Strike: Global Offensive;48.0;1.518506801645049;amazon;3161.0
SA;2022;38;Rust;59.0;1.866497943688706;amazon;3161.0
SA;2022;97;Stardew Valley;61.0;1.9297690604239164;amazon;3161.0
SA;2023;168;Among Us;59.0;1.6199890170236133;amazon;3642.0
SA;2023;18;Call of Duty;340.0;9.335529928610653;amazon;3642.0
SA;2023;23;Counter-Strike: Global Offensive;51.0;1.400329489291598;amazon;3642.0
SA;2023;38;Rust;63.0;1.729818780889621;amazon;3642.0
SA;2023;97;Stardew Valley;78.0;2.14168039538715;amazon;3642.0
SE;2019;168;Among Us;0.0;0.0;amazon;906.0
SE;2019;18;Call of Duty;216.0;23.841059602649008;amazon;906.0
SE;2019;23;Counter-Strike: Global Offensive;540.0;59.60264900662252;amazon;906.0
SE;2019;38;Rust;156.0;17.218543046357617;amazon;906.0
SE;2019;97;Stardew Valley;93.0;10.264900662251655;amazon;906.0
SE;2020;168;Among Us;292.0;23.156225218080888;amazon;1261.0
SE;2020;18;Call of Duty;363.0;28.786677240285485;amazon;1261.0
SE;2020;23;Counter-Strike: Global Offensive;617.0;48.929421094369545;amazon;1261.0
SE;2020;38;Rust;176.0;13.957176843774782;amazon;1261.0
SE;2020;97;Stardew Valley;114.0;9.040444091990484;amazon;1261.0
SE;2021;168;Among Us;153.0;10.139165009940358;amazon;1509.0
SE;2021;18;Call of Duty;237.0;15.705765407554672;amazon;1509.0
SE;2021;23;Counter-Strike: Global Offensive;523.0;34.65871438038436;amazon;1509.0
SE;2021;38;Rust;229.0;15.17561298873426;amazon;1509.0
SE;2021;97;Stardew Valley;163.0;10.801855533465872;amazon;1509.0
SE;2022;168;Among Us;104.0;5.977011494252873;amazon;1740.0
SE;2022;18;Call of Duty;268.0;15.402298850574713;amazon;1740.0
SE;2022;23;Counter-Strike: Global Offensive;593.0;34.08045977011494;amazon;1740.0
SE;2022;38;Rust;275.0;15.804597701149426;amazon;1740.0
SE;2022;97;Stardew Valley;214.0;12.298850574712644;amazon;1740.0
SE;2023;168;Among Us;77.0;3.985507246376811;amazon;1932.0
SE;2023;18;Call of Duty;248.0;12.836438923395447;amazon;1932.0
SE;2023;23;Counter-Strike: Global Offensive;628.0;32.50517598343685;amazon;1932.0
SE;2023;38;Rust;298.0;15.424430641821946;amazon;1932.0
SE;2023;97;Stardew Valley;228.0;11.801242236024844;amazon;1932.0
SG;2019;168;Among Us;5.0;0.16622340425531915;amazon;3008.0
SG;2019;18;Call of Duty;300.0;9.97340425531915;amazon;3008.0
SG;2019;23;Counter-Strike: Global Offensive;381.0;12.66622340425532;amazon;3008.0
SG;2019;38;Rust;165.0;5.485372340425531;amazon;3008.0
SG;2019;97;Stardew Valley;194.0;6.449468085106383;amazon;3008.0
SG;2020;168;Among Us;569.0;15.137004522479383;amazon;3759.0
SG;2020;18;Call of Duty;663.0;17.637669592976856;amazon;3759.0
SG;2020;23;Counter-Strike: Global Offensive;592.0;15.748869380154296;amazon;3759.0
SG;2020;38;Rust;216.0;5.746209098164405;amazon;3759.0
SG;2020;97;Stardew Valley;270.0;7.182761372705507;amazon;3759.0
SG;2021;168;Among Us;411.0;11.875180583646346;amazon;3461.0
SG;2021;18;Call of Duty;447.0;12.915342386593471;amazon;3461.0
SG;2021;23;Counter-Strike: Global Offensive;412.0;11.904073967061542;amazon;3461.0
SG;2021;38;Rust;250.0;7.22334585379948;amazon;3461.0
SG;2021;97;Stardew Valley;313.0;9.04362900895695;amazon;3461.0
SG;2022;168;Among Us;183.0;4.889126369222549;amazon;3743.0
SG;2022;18;Call of Duty;324.0;8.656158161902217;amazon;3743.0
SG;2022;23;Counter-Strike: Global Offensive;340.0;9.083622762489982;amazon;3743.0
SG;2022;38;Rust;283.0;7.560780122896073;amazon;3743.0
SG;2022;97;Stardew Valley;346.0;9.243921987710394;amazon;3743.0
SG;2023;168;Among Us;118.0;3.3276931754089114;amazon;3546.0
SG;2023;18;Call of Duty;286.0;8.065425831923294;amazon;3546.0
SG;2023;23;Counter-Strike: Global Offensive;385.0;10.857304004512127;amazon;3546.0
SG;2023;38;Rust;281.0;7.924421883812746;amazon;3546.0
SG;2023;97;Stardew Valley;364.0;10.265087422447829;amazon;3546.0
TH;2019;168;Among Us;0.0;0.0;amazon;2594.0
TH;2019;18;Call of Duty;1075.0;27.222081539630288;amazon;3949.0
TH;2019;23;Counter-Strike: Global Offensive;757.0;19.16940997720942;amazon;3949.0
TH;2019;38;Rust;183.0;7.054741711642251;amazon;2594.0
TH;2019;97;Stardew Valley;740.0;28.527370855821125;amazon;2594.0
TH;2020;168;Among Us;903.0;41.78621008792226;amazon;2161.0
TH;2020;18;Call of Duty;1328.0;40.4261796042618;amazon;3285.0
TH;2020;23;Counter-Strike: Global Offensive;768.0;23.378995433789953;amazon;3285.0
TH;2020;38;Rust;181.0;8.375751966682092;amazon;2161.0
TH;2020;97;Stardew Valley;775.0;35.86302637667747;amazon;2161.0
TH;2021;168;Among Us;606.0;31.928345626975762;amazon;1898.0
TH;2021;18;Call of Duty;853.0;29.58723551855706;amazon;2883.0
TH;2021;23;Counter-Strike: Global Offensive;567.0;19.667013527575442;amazon;2883.0
TH;2021;38;Rust;182.0;9.58904109589041;amazon;1898.0
TH;2021;97;Stardew Valley;748.0;39.409905163329825;amazon;1898.0
TH;2022;168;Among Us;317.0;14.945780292314945;amazon;2121.0
TH;2022;18;Call of Duty;1129.0;34.94274218508202;amazon;3231.0
TH;2022;23;Counter-Strike: Global Offensive;501.0;15.506035283194059;amazon;3231.0
TH;2022;38;Rust;240.0;11.315417256011315;amazon;2121.0
TH;2022;97;Stardew Valley;955.0;45.02593116454502;amazon;2121.0
TH;2023;168;Among Us;205.0;9.172259507829978;amazon;2235.0
TH;2023;18;Call of Duty;1192.0;35.11045655375552;amazon;3395.0
TH;2023;23;Counter-Strike: Global Offensive;808.0;23.799705449189982;amazon;3395.0
TH;2023;38;Rust;249.0;11.140939597315436;amazon;2235.0
TH;2023;97;Stardew Valley;1416.0;63.35570469798658;amazon;2235.0
TR;2019;168;Among Us;0.0;0.0;amazon;1193.0
TR;2019;18;Call of Duty;417.0;33.98533007334964;amazon;1227.0
TR;2019;23;Counter-Strike: Global Offensive;524.0;42.70578647106765;amazon;1227.0
TR;2019;38;Rust;67.0;5.616093880972339;amazon;1193.0
TR;2019;97;Stardew Valley;37.0;3.1014249790444257;amazon;1193.0
TR;2020;168;Among Us;477.0;29.499072356215212;amazon;1617.0
TR;2020;18;Call of Duty;513.0;30.517549077929807;amazon;1681.0
TR;2020;23;Counter-Strike: Global Offensive;703.0;41.82034503271862;amazon;1681.0
TR;2020;38;Rust;88.0;5.442176870748299;amazon;1617.0
TR;2020;97;Stardew Valley;56.0;3.463203463203463;amazon;1617.0
TR;2021;168;Among Us;361.0;17.871287128712872;amazon;2020.0
TR;2021;18;Call of Duty;314.0;14.97377205531712;amazon;2097.0
TR;2021;23;Counter-Strike: Global Offensive;404.0;19.26561754887935;amazon;2097.0
TR;2021;38;Rust;103.0;5.099009900990099;amazon;2020.0
TR;2021;97;Stardew Valley;131.0;6.485148514851486;amazon;2020.0
TR;2022;168;Among Us;155.0;4.734270006108735;amazon;3274.0
TR;2022;18;Call of Duty;404.0;11.861421021726365;amazon;3406.0
TR;2022;23;Counter-Strike: Global Offensive;404.0;11.861421021726365;amazon;3406.0
TR;2022;38;Rust;121.0;3.6957849725106904;amazon;3274.0
TR;2022;97;Stardew Valley;215.0;6.566890653634698;amazon;3274.0
TR;2023;168;Among Us;112.0;3.3009136457412316;amazon;3393.0
TR;2023;18;Call of Duty;397.0;11.368843069873998;amazon;3492.0
TR;2023;23;Counter-Strike: Global Offensive;541.0;15.492554410080183;amazon;3492.0
TR;2023;38;Rust;155.0;4.568228706159741;amazon;3393.0
TR;2023;97;Stardew Valley;320.0;9.431181844974947;amazon;3393.0
TW;2019;168;Among Us;1.0;0.02765486725663717;amazon;3616.0
TW;2019;18;Call of Duty;523.0;14.463495575221238;amazon;3616.0
TW;2019;23;Counter-Strike: Global Offensive;449.0;12.41703539823009;amazon;3616.0
TW;2019;38;Rust;225.0;6.222345132743363;amazon;3616.0
TW;2019;97;Stardew Valley;329.0;9.098451327433628;amazon;3616.0
TW;2020;168;Among Us;248.0;7.820876695048881;amazon;3171.0
TW;2020;18;Call of Duty;851.0;26.83695994954273;amazon;3171.0
TW;2020;23;Counter-Strike: Global Offensive;440.0;13.875748975086724;amazon;3171.0
TW;2020;38;Rust;240.0;7.5685903500473035;amazon;3171.0
TW;2020;97;Stardew Valley;242.0;7.631661936297698;amazon;3171.0
TW;2021;168;Among Us;249.0;8.568479008947007;amazon;2906.0
TW;2021;18;Call of Duty;643.0;22.126634549208536;amazon;2906.0
TW;2021;23;Counter-Strike: Global Offensive;521.0;17.92842395044735;amazon;2906.0
TW;2021;38;Rust;260.0;8.947006194081212;amazon;2906.0
TW;2021;97;Stardew Valley;309.0;10.63317274604267;amazon;2906.0
TW;2022;168;Among Us;181.0;5.235753543534857;amazon;3457.0
TW;2022;18;Call of Duty;413.0;11.946774660109922;amazon;3457.0
TW;2022;23;Counter-Strike: Global Offensive;557.0;16.112236042811688;amazon;3457.0
TW;2022;38;Rust;430.0;12.438530517789992;amazon;3457.0
TW;2022;97;Stardew Valley;379.0;10.963262944749783;amazon;3457.0
TW;2023;168;Among Us;105.0;3.2208588957055215;amazon;3260.0
TW;2023;18;Call of Duty;716.0;21.96319018404908;amazon;3260.0
TW;2023;23;Counter-Strike: Global Offensive;758.0;23.251533742331286;amazon;3260.0
TW;2023;38;Rust;412.0;12.63803680981595;amazon;3260.0
TW;2023;97;Stardew Valley;443.0;13.588957055214724;amazon;3260.0
UA;2019;168;Among Us;18.0;0.9483667017913594;amazon;1898.0
UA;2019;18;Call of Duty;1739.0;62.040670709953616;amazon;2803.0
UA;2019;23;Counter-Strike: Global Offensive;2747.0;244.83065953654187;amazon;1122.0
UA;2019;38;Rust;353.0;18.598524762908326;amazon;1898.0
UA;2019;97;Stardew Valley;197.0;10.379346680716543;amazon;1898.0
UA;2020;168;Among Us;1044.0;63.465045592705174;amazon;1645.0
UA;2020;18;Call of Duty;2367.0;97.32730263157895;amazon;2432.0
UA;2020;23;Counter-Strike: Global Offensive;3399.0;350.0514933058702;amazon;971.0
UA;2020;38;Rust;431.0;26.200607902735563;amazon;1645.0
UA;2020;97;Stardew Valley;224.0;13.617021276595745;amazon;1645.0
UA;2021;168;Among Us;539.0;37.14679531357684;amazon;1451.0
UA;2021;18;Call of Duty;1777.0;82.84382284382285;amazon;2145.0
UA;2021;23;Counter-Strike: Global Offensive;3090.0;359.3023255813954;amazon;860.0
UA;2021;38;Rust;487.0;33.563059958649205;amazon;1451.0
UA;2021;97;Stardew Valley;300.0;20.67539627842867;amazon;1451.0
UA;2022;168;Among Us;213.0;11.926091825307951;amazon;1786.0
UA;2022;18;Call of Duty;2786.0;105.61031084154662;amazon;2638.0
UA;2022;23;Counter-Strike: Global Offensive;3024.0;286.6350710900474;amazon;1055.0
UA;2022;38;Rust;706.0;39.52967525195968;amazon;1786.0
UA;2022;97;Stardew Valley;427.0;23.908174692049272;amazon;1786.0
UA;2023;168;Among Us;212.0;12.204951065054692;amazon;1737.0
UA;2023;18;Call of Duty;2567.0;99.68932038834951;amazon;2575.0
UA;2023;23;Counter-Strike: Global Offensive;2807.0;272.2599418040737;amazon;1031.0
UA;2023;38;Rust;873.0;50.259067357512954;amazon;1737.0
UA;2023;97;Stardew Valley;591.0;34.024179620034545;amazon;1737.0
US;2019;168;Among Us;0.0;0.0;amazon;3372.0
US;2019;18;Call of Duty;103.0;3.054567022538553;amazon;3372.0
US;2019;23;Counter-Strike: Global Offensive;27.0;0.800711743772242;amazon;3372.0
US;2019;38;Rust;53.0;1.571767497034401;amazon;3372.0
US;2019;97;Stardew Valley;54.0;1.601423487544484;amazon;3372.0
US;2020;168;Among Us;129.0;3.250188964474679;amazon;3969.0
US;2020;18;Call of Duty;207.0;5.215419501133787;amazon;3969.0
US;2020;23;Counter-Strike: Global Offensive;49.0;1.2345679012345678;amazon;3969.0
US;2020;38;Rust;70.0;1.763668430335097;amazon;3969.0
US;2020;97;Stardew Valley;69.0;1.7384731670445956;amazon;3969.0
US;2021;168;Among Us;78.0;2.151724137931035;amazon;3625.0
US;2021;18;Call of Duty;137.0;3.779310344827586;amazon;3625.0
US;2021;23;Counter-Strike: Global Offensive;20.0;0.5517241379310345;amazon;3625.0
US;2021;38;Rust;108.0;2.9793103448275864;amazon;3625.0
US;2021;97;Stardew Valley;90.0;2.4827586206896552;amazon;3625.0
US;2022;168;Among Us;52.0;1.4092140921409213;amazon;3690.0
US;2022;18;Call of Duty;132.0;3.577235772357724;amazon;3690.0
US;2022;23;Counter-Strike: Global Offensive;38.0;1.029810298102981;amazon;3690.0
US;2022;38;Rust;104.0;2.8184281842818426;amazon;3690.0
US;2022;97;Stardew Valley;117.0;3.1707317073170733;amazon;3690.0
US;2023;168;Among Us;50.0;1.3679890560875512;amazon;3655.0
US;2023;18;Call of Duty;131.0;3.584131326949384;amazon;3655.0
US;2023;23;Counter-Strike: Global Offensive;43.0;1.1764705882352942;amazon;3655.0
US;2023;38;Rust;106.0;2.9001367989056086;amazon;3655.0
US;2023;97;Stardew Valley;119.0;3.255813953488372;amazon;3655.0
VN;2019;168;Among Us;0.0;0.0;amazon;2153.0
VN;2019;18;Call of Duty;237.0;11.007895959126799;amazon;2153.0
VN;2019;23;Counter-Strike: Global Offensive;420.0;19.507663725034835;amazon;2153.0
VN;2019;38;Rust;67.0;3.1119368323269856;amazon;2153.0
VN;2019;97;Stardew Valley;151.0;7.013469577333953;amazon;2153.0
VN;2020;168;Among Us;713.0;40.58053500284576;amazon;1757.0
VN;2020;18;Call of Duty;527.0;29.994308480364257;amazon;1757.0
VN;2020;23;Counter-Strike: Global Offensive;555.0;31.587933978372224;amazon;1757.0
VN;2020;38;Rust;82.0;4.66704610130905;amazon;1757.0
VN;2020;97;Stardew Valley;141.0;8.025042686397269;amazon;1757.0
VN;2021;168;Among Us;731.0;56.62277304415182;amazon;1291.0
VN;2021;18;Call of Duty;260.0;20.13942680092951;amazon;1291.0
VN;2021;23;Counter-Strike: Global Offensive;541.0;41.90549961270333;amazon;1291.0
VN;2021;38;Rust;91.0;7.048799380325329;amazon;1291.0
VN;2021;97;Stardew Valley;147.0;11.386522075910147;amazon;1291.0
VN;2022;168;Among Us;381.0;33.746678476527904;amazon;1129.0
VN;2022;18;Call of Duty;238.0;21.08060230292294;amazon;1129.0
VN;2022;23;Counter-Strike: Global Offensive;551.0;48.804251550044285;amazon;1129.0
VN;2022;38;Rust;105.0;9.300265721877768;amazon;1129.0
VN;2022;97;Stardew Valley;181.0;16.031886625332152;amazon;1129.0
VN;2023;168;Among Us;270.0;20.089285714285715;amazon;1344.0
VN;2023;18;Call of Duty;260.0;19.345238095238095;amazon;1344.0
VN;2023;23;Counter-Strike: Global Offensive;557.0;41.44345238095239;amazon;1344.0
VN;2023;38;Rust;110.0;8.18452380952381;amazon;1344.0
VN;2023;97;Stardew Valley;277.0;20.610119047619047;amazon;1344.0
ZA;2019;168;Among Us;8.0;0.33984706881903143;amazon;2354.0
ZA;2019;18;Call of Duty;393.0;16.69498725573492;amazon;2354.0
ZA;2019;23;Counter-Strike: Global Offensive;194.0;8.241291418861513;amazon;2354.0
ZA;2019;38;Rust;379.0;16.100254885301617;amazon;2354.0
ZA;2019;97;Stardew Valley;60.0;2.548853016142736;amazon;2354.0
ZA;2020;168;Among Us;395.0;16.638584667228308;amazon;2374.0
ZA;2020;18;Call of Duty;907.0;38.2055602358888;amazon;2374.0
ZA;2020;23;Counter-Strike: Global Offensive;256.0;10.783487784330244;amazon;2374.0
ZA;2020;38;Rust;388.0;16.343723673125528;amazon;2374.0
ZA;2020;97;Stardew Valley;86.0;3.6225779275484413;amazon;2374.0
ZA;2021;168;Among Us;298.0;13.244444444444445;amazon;2250.0
ZA;2021;18;Call of Duty;692.0;30.75555555555556;amazon;2250.0
ZA;2021;23;Counter-Strike: Global Offensive;192.0;8.533333333333333;amazon;2250.0
ZA;2021;38;Rust;420.0;18.666666666666668;amazon;2250.0
ZA;2021;97;Stardew Valley;117.0;5.2;amazon;2250.0
ZA;2022;168;Among Us;142.0;5.916666666666667;amazon;2400.0
ZA;2022;18;Call of Duty;610.0;25.416666666666664;amazon;2400.0
ZA;2022;23;Counter-Strike: Global Offensive;165.0;6.875000000000001;amazon;2400.0
ZA;2022;38;Rust;431.0;17.958333333333336;amazon;2400.0
ZA;2022;97;Stardew Valley;142.0;5.916666666666667;amazon;2400.0
ZA;2023;168;Among Us;120.0;4.911993450675399;amazon;2443.0
ZA;2023;18;Call of Duty;621.0;25.41956610724519;amazon;2443.0
ZA;2023;23;Counter-Strike: Global Offensive;147.0;6.017191977077363;amazon;2443.0
ZA;2023;38;Rust;440.0;18.010642652476463;amazon;2443.0
ZA;2023;97;Stardew Valley;155.0;6.34465820712239;amazon;2443.0
