iso2;year_id;anchor_term;interest_raw
AD;2019;amazon;3142.0
AD;2020;amazon;3234.0
AD;2021;amazon;2907.0
AD;2022;amazon;3000.0
AD;2023;amazon;2913.0
AE;2019;amazon;2318.0
AE;2020;amazon;3856.0
AE;2021;amazon;3633.0
AE;2022;amazon;3792.0
AE;2023;amazon;3870.0
AF;2019;amazon;3735.0
AF;2020;amazon;3334.0
AF;2021;amazon;1594.0
AF;2022;amazon;1020.0
AF;2023;amazon;1422.0
AG;2019;amazon;2627.0
AG;2020;amazon;2892.0
AG;2021;amazon;3087.0
AG;2022;amazon;3040.0
AG;2023;amazon;3380.0
AL;2019;amazon;1895.0
AL;2020;amazon;1718.0
AL;2021;amazon;1737.0
AL;2022;amazon;1902.0
AL;2023;amazon;1990.0
AM;2019;amazon;2955.0
AM;2020;amazon;2814.0
AM;2021;amazon;2682.0
AM;2022;amazon;3425.0
AM;2023;amazon;3537.0
AO;2019;amazon;3565.0
AO;2020;amazon;3846.0
AO;2021;amazon;3549.0
AO;2022;amazon;4020.0
AO;2023;amazon;3273.0
AR;2019;amazon;1767.0
AR;2020;amazon;2884.0
AR;2021;amazon;2703.0
AR;2022;amazon;2788.0
AR;2023;amazon;2500.0
AS;2019;amazon;737.0
AS;2020;amazon;1198.0
AS;2021;amazon;1458.0
AS;2022;amazon;2168.0
AS;2023;amazon;1879.0
AT;2019;amazon;2956.0
AT;2020;amazon;3120.0
AT;2021;amazon;2604.0
AT;2022;amazon;2527.0
AT;2023;amazon;2572.0
AU;2019;amazon;2037.0
AU;2020;amazon;2638.0
AU;2021;amazon;2631.0
AU;2022;amazon;3288.0
AU;2023;amazon;3727.0
AW;2019;amazon;3144.0
AW;2020;amazon;3653.0
AW;2021;amazon;3551.0
AW;2022;amazon;3551.0
AW;2023;amazon;3702.0
AZ;2019;amazon;3322.0
AZ;2020;amazon;2954.0
AZ;2021;amazon;2811.0
AZ;2022;amazon;3523.0
AZ;2023;amazon;3803.0
BA;2019;amazon;2154.0
BA;2020;amazon;1801.0
BA;2021;amazon;1855.0
BA;2022;amazon;2132.0
BA;2023;amazon;2230.0
BB;2019;amazon;3608.0
BB;2020;amazon;2842.0
BB;2021;amazon;2919.0
BB;2022;amazon;3116.0
BB;2023;amazon;3774.0
BD;2019;amazon;2180.0
BD;2020;amazon;2285.0
BD;2021;amazon;1952.0
BD;2022;amazon;2039.0
BD;2023;amazon;1910.0
BE;2019;amazon;2374.0
BE;2020;amazon;3074.0
BE;2021;amazon;2824.0
BE;2022;amazon;3479.0
BE;2023;amazon;3939.0
BF;2019;amazon;1017.0
BF;2020;amazon;1294.0
BF;2021;amazon;1138.0
BF;2022;amazon;1233.0
BF;2023;amazon;1333.0
BG;2019;amazon;3274.0
BG;2020;amazon;3103.0
BG;2021;amazon;2817.0
BG;2022;amazon;3206.0
BG;2023;amazon;3320.0
BH;2019;amazon;3483.0
BH;2020;amazon;3813.0
BH;2021;amazon;3161.0
BH;2022;amazon;3049.0
BH;2023;amazon;3103.0
BI;2019;amazon;413.0
BI;2020;amazon;649.0
BI;2021;amazon;684.0
BI;2022;amazon;1198.0
BI;2023;amazon;1070.0
BJ;2019;amazon;3312.0
BJ;2020;amazon;3299.0
BJ;2021;amazon;3052.0
BJ;2022;amazon;3486.0
BJ;2023;amazon;3743.0
BM;2019;amazon;2904.0
BM;2020;amazon;3180.0
BM;2021;amazon;3029.0
BM;2022;amazon;2897.0
BM;2023;amazon;3223.0
BN;2019;amazon;2456.0
BN;2020;amazon;2208.0
BN;2021;amazon;1981.0
BN;2022;amazon;1939.0
BN;2023;amazon;1730.0
BO;2019;amazon;2910.0
BO;2020;amazon;4204.0
BO;2021;amazon;3457.0
BO;2022;amazon;3358.0
BO;2023;amazon;3230.0
BR;2019;amazon;1139.0
BR;2020;amazon;2241.0
BR;2021;amazon;2243.0
BR;2022;amazon;2683.0
BR;2023;amazon;3065.0
BS;2019;amazon;3347.0
BS;2020;amazon;3436.0
BS;2021;amazon;2800.0
BS;2022;amazon;2867.0
BS;2023;amazon;3320.0
BT;2019;amazon;2017.0
BT;2020;amazon;1367.0
BT;2021;amazon;1620.0
BT;2022;amazon;1558.0
BT;2023;amazon;2080.0
BW;2019;amazon;3358.0
BW;2020;amazon;3029.0
BW;2021;amazon;2819.0
BW;2022;amazon;2879.0
BW;2023;amazon;2728.0
BY;2019;amazon;793.0
BY;2020;amazon;543.0
BY;2021;amazon;419.0
BY;2022;amazon;593.0
BY;2023;amazon;447.0
BZ;2019;amazon;3111.0
BZ;2020;amazon;3403.0
BZ;2021;amazon;3484.0
BZ;2022;amazon;3305.0
BZ;2023;amazon;3644.0
CA;2019;amazon;2486.0
CA;2020;amazon;3390.0
CA;2021;amazon;3387.0
CA;2022;amazon;3306.0
CA;2023;amazon;3513.0
CD;2019;amazon;1952.0
CD;2020;amazon;1905.0
CD;2021;amazon;1581.0
CD;2022;amazon;1609.0
CD;2023;amazon;1392.0
CF;2019;amazon;60.0
CF;2020;amazon;42.0
CF;2021;amazon;138.0
CF;2022;amazon;25.0
CF;2023;amazon;94.0
CG;2019;amazon;2827.0
CG;2020;amazon;3007.0
CG;2021;amazon;2694.0
CG;2022;amazon;2213.0
CG;2023;amazon;1871.0
CH;2019;amazon;2949.0
CH;2020;amazon;2972.0
CH;2021;amazon;2764.0
CH;2022;amazon;3394.0
CH;2023;amazon;3676.0
CI;2019;amazon;3594.0
CI;2020;amazon;3683.0
CI;2021;amazon;3695.0
CI;2022;amazon;3595.0
CI;2023;amazon;3720.0
CL;2019;amazon;854.0
CL;2020;amazon;2253.0
CL;2021;amazon;1811.0
CL;2022;amazon;1448.0
CL;2023;amazon;1275.0
CM;2019;amazon;4157.0
CM;2020;amazon;3760.0
CM;2021;amazon;3196.0
CM;2022;amazon;3484.0
CM;2023;amazon;3402.0
CN;2019;amazon;3244.0
CN;2020;amazon;3488.0
CN;2021;amazon;3425.0
CN;2022;amazon;3202.0
CN;2023;amazon;3050.0
CO;2019;amazon;2193.0
CO;2020;amazon;3746.0
CO;2021;amazon;3593.0
CO;2022;amazon;3446.0
CO;2023;amazon;3786.0
CR;2019;amazon;3486.0
CR;2020;amazon;3680.0
CR;2021;amazon;3497.0
CR;2022;amazon;3576.0
CR;2023;amazon;3994.0
CU;2019;amazon;4257.0
CU;2020;amazon;3294.0
CU;2021;amazon;2755.0
CU;2022;amazon;3171.0
CU;2023;amazon;3024.0
CV;2019;amazon;2948.0
CV;2020;amazon;1762.0
CV;2021;amazon;2178.0
CV;2022;amazon;2755.0
CV;2023;amazon;3020.0
CW;2019;amazon;3142.0
CW;2020;amazon;3516.0
CW;2021;amazon;3111.0
CW;2022;amazon;2979.0
CW;2023;amazon;3410.0
CY;2019;amazon;2849.0
CY;2020;amazon;2906.0
CY;2021;amazon;2495.0
CY;2022;amazon;2373.0
CY;2023;amazon;2213.0
CZ;2019;amazon;1010.0
CZ;2020;amazon;970.0
CZ;2021;amazon;877.0
CZ;2022;amazon;1046.0
CZ;2023;amazon;1084.0
DE;2019;amazon;2763.0
DE;2020;amazon;3139.0
DE;2021;amazon;2781.0
DE;2022;amazon;2592.0
DE;2023;amazon;2565.0
DJ;2019;amazon;3262.0
DJ;2020;amazon;2583.0
DJ;2021;amazon;2472.0
DJ;2022;amazon;2116.0
DJ;2023;amazon;2282.0
DK;2019;amazon;1404.0
DK;2020;amazon;1497.0
DK;2021;amazon;1271.0
DK;2022;amazon;1505.0
DK;2023;amazon;1573.0
DM;2019;amazon;3677.0
DM;2020;amazon;3215.0
DM;2021;amazon;3067.0
DM;2022;amazon;2644.0
DM;2023;amazon;3219.0
DO;2019;amazon;3639.0
DO;2020;amazon;3819.0
DO;2021;amazon;3193.0
DO;2022;amazon;3122.0
DO;2023;amazon;3312.0
DZ;2019;amazon;3700.0
DZ;2020;amazon;3852.0
DZ;2021;amazon;3284.0
DZ;2022;amazon;3657.0
DZ;2023;amazon;3501.0
EC;2019;amazon;3416.0
EC;2020;amazon;3038.0
EC;2021;amazon;3149.0
EC;2022;amazon;3238.0
EC;2023;amazon;3593.0
EE;2019;amazon;3521.0
EE;2020;amazon;3575.0
EE;2021;amazon;3273.0
EE;2022;amazon;3935.0
EE;2023;amazon;4185.0
EG;2019;amazon;1688.0
EG;2020;amazon;1366.0
EG;2021;amazon;1793.0
EG;2022;amazon;3584.0
EG;2023;amazon;3671.0
ER;2019;amazon;0.0
ER;2020;amazon;64.0
ER;2021;amazon;0.0
ER;2022;amazon;0.0
ER;2023;amazon;24.0
ES;2019;amazon;2880.0
ES;2020;amazon;3862.0
ES;2021;amazon;2937.0
ES;2022;amazon;2756.0
ES;2023;amazon;2588.0
ET;2019;amazon;2032.0
ET;2020;amazon;2266.0
ET;2021;amazon;2419.0
ET;2022;amazon;2756.0
ET;2023;amazon;2554.0
FI;2019;amazon;1417.0
FI;2020;amazon;1456.0
FI;2021;amazon;1241.0
FI;2022;amazon;1482.0
FI;2023;amazon;1472.0
FJ;2019;amazon;2257.0
FJ;2020;amazon;2008.0
FJ;2021;amazon;2545.0
FJ;2022;amazon;2760.0
FJ;2023;amazon;2947.0
FM;2019;amazon;278.0
FM;2020;amazon;222.0
FM;2021;amazon;207.0
FM;2022;amazon;194.0
FM;2023;amazon;145.0
FO;2019;amazon;208.0
FO;2020;amazon;365.0
FO;2021;amazon;215.0
FO;2022;amazon;109.0
FO;2023;amazon;257.0
FR;2019;amazon;2679.0
FR;2020;amazon;3277.0
FR;2021;amazon;3087.0
FR;2022;amazon;3174.0
FR;2023;amazon;3303.0
GA;2019;amazon;3181.0
GA;2020;amazon;3373.0
GA;2021;amazon;2856.0
GA;2022;amazon;2846.0
GA;2023;amazon;2903.0
GB;2019;amazon;2932.0
GB;2020;amazon;3762.0
GB;2021;amazon;3379.0
GB;2022;amazon;3086.0
GB;2023;amazon;3043.0
GD;2019;amazon;3672.0
GD;2020;amazon;3385.0
GD;2021;amazon;3096.0
GD;2022;amazon;3074.0
GD;2023;amazon;3550.0
GE;2019;amazon;2329.0
GE;2020;amazon;2050.0
GE;2021;amazon;1761.0
GE;2022;amazon;1868.0
GE;2023;amazon;1840.0
GH;2019;amazon;3220.0
GH;2020;amazon;2946.0
GH;2021;amazon;2666.0
GH;2022;amazon;2887.0
GH;2023;amazon;3088.0
GI;2019;amazon;2513.0
GI;2020;amazon;2961.0
GI;2021;amazon;2708.0
GI;2022;amazon;2613.0
GI;2023;amazon;2919.0
GL;2019;amazon;0.0
GL;2020;amazon;74.0
GL;2021;amazon;100.0
GL;2022;amazon;123.0
GL;2023;amazon;194.0
GM;2019;amazon;2023.0
GM;2020;amazon;2316.0
GM;2021;amazon;2312.0
GM;2022;amazon;2566.0
GM;2023;amazon;2595.0
GN;2019;amazon;1556.0
GN;2020;amazon;2012.0
GN;2021;amazon;2169.0
GN;2022;amazon;2780.0
GN;2023;amazon;3310.0
GQ;2019;amazon;765.0
GQ;2020;amazon;748.0
GQ;2021;amazon;1100.0
GQ;2022;amazon;802.0
GQ;2023;amazon;977.0
GR;2019;amazon;2654.0
GR;2020;amazon;2497.0
GR;2021;amazon;2238.0
GR;2022;amazon;2542.0
GR;2023;amazon;2408.0
GT;2019;amazon;3081.0
GT;2020;amazon;3374.0
GT;2021;amazon;2920.0
GT;2022;amazon;2932.0
GT;2023;amazon;3016.0
GU;2019;amazon;2738.0
GU;2020;amazon;3679.0
GU;2021;amazon;3231.0
GU;2022;amazon;3111.0
GU;2023;amazon;3233.0
GW;2019;amazon;157.0
GW;2020;amazon;52.0
GW;2021;amazon;0.0
GW;2022;amazon;0.0
GW;2023;amazon;42.0
GY;2019;amazon;3393.0
GY;2020;amazon;2897.0
GY;2021;amazon;2748.0
GY;2022;amazon;2641.0
GY;2023;amazon;2785.0
HK;2019;amazon;847.0
HK;2020;amazon;1163.0
HK;2021;amazon;787.0
HK;2022;amazon;892.0
HK;2023;amazon;773.0
HN;2019;amazon;3197.0
HN;2020;amazon;3689.0
HN;2021;amazon;3482.0
HN;2022;amazon;3455.0
HN;2023;amazon;3783.0
HR;2019;amazon;2273.0
HR;2020;amazon;1969.0
HR;2021;amazon;1858.0
HR;2022;amazon;2202.0
HR;2023;amazon;2413.0
HT;2019;amazon;3693.0
HT;2020;amazon;3523.0
HT;2021;amazon;2681.0
HT;2022;amazon;2242.0
HT;2023;amazon;1780.0
HU;2019;amazon;1223.0
HU;2020;amazon;1137.0
HU;2021;amazon;1067.0
HU;2022;amazon;1411.0
HU;2023;amazon;1499.0
ID;2019;amazon;2507.0
ID;2020;amazon;1968.0
ID;2021;amazon;1776.0
ID;2022;amazon;1547.0
ID;2023;amazon;1333.0
IE;2019;amazon;2044.0
IE;2020;amazon;3104.0
IE;2021;amazon;2555.0
IE;2022;amazon;2432.0
IE;2023;amazon;2644.0
IL;2019;amazon;1888.0
IL;2020;amazon;1730.0
IL;2021;amazon;1510.0
IL;2022;amazon;1910.0
IL;2023;amazon;1756.0
IM;2019;amazon;3069.0
IM;2020;amazon;3510.0
IM;2021;amazon;2903.0
IM;2022;amazon;2444.0
IM;2023;amazon;2389.0
IN;2019;amazon;2446.0
IN;2020;amazon;3018.0
IN;2021;amazon;2540.0
IN;2022;amazon;2458.0
IN;2023;amazon;2395.0
IQ;2019;amazon;3457.0
IQ;2020;amazon;2920.0
IQ;2021;amazon;2340.0
IQ;2022;amazon;2320.0
IQ;2023;amazon;2217.0
IR;2019;amazon;2473.0
IR;2020;amazon;1960.0
IR;2021;amazon;1861.0
IR;2022;amazon;2212.0
IR;2023;amazon;2177.0
IS;2019;amazon;2543.0
IS;2020;amazon;2424.0
IS;2021;amazon;2210.0
IS;2022;amazon;2450.0
IS;2023;amazon;2481.0
IT;2019;amazon;2485.0
IT;2020;amazon;3213.0
IT;2021;amazon;2571.0
IT;2022;amazon;2587.0
IT;2023;amazon;2470.0
JM;2019;amazon;3588.0
JM;2020;amazon;3295.0
JM;2021;amazon;3262.0
JM;2022;amazon;3435.0
JM;2023;amazon;3933.0
JO;2019;amazon;3395.0
JO;2020;amazon;2969.0
JO;2021;amazon;2905.0
JO;2022;amazon;2993.0
JO;2023;amazon;2886.0
JP;2019;amazon;2481.0
JP;2020;amazon;3630.0
JP;2021;amazon;3310.0
JP;2022;amazon;3511.0
JP;2023;amazon;3429.0
KE;2019;amazon;2413.0
KE;2020;amazon;2650.0
KE;2021;amazon;2299.0
KE;2022;amazon;2520.0
KE;2023;amazon;2402.0
KG;2019;amazon;3038.0
KG;2020;amazon;2754.0
KG;2021;amazon;2690.0
KG;2022;amazon;3965.0
KG;2023;amazon;3619.0
KH;2019;amazon;3248.0
KH;2020;amazon;2696.0
KH;2021;amazon;1819.0
KH;2022;amazon;1853.0
KH;2023;amazon;1809.0
KI;2019;amazon;0.0
KI;2020;amazon;0.0
KI;2021;amazon;0.0
KI;2022;amazon;0.0
KI;2023;amazon;0.0
KM;2019;amazon;0.0
KM;2020;amazon;0.0
KM;2021;amazon;144.0
KM;2022;amazon;147.0
KM;2023;amazon;286.0
KN;2019;amazon;2870.0
KN;2020;amazon;2704.0
KN;2021;amazon;2538.0
KN;2022;amazon;2216.0
KN;2023;amazon;2529.0
KR;2019;amazon;3034.0
KR;2020;amazon;2895.0
KR;2021;amazon;2410.0
KR;2022;amazon;2227.0
KR;2023;amazon;2729.0
KW;2019;amazon;3554.0
KW;2020;amazon;3829.0
KW;2021;amazon;3213.0
KW;2022;amazon;3278.0
KW;2023;amazon;3176.0
KY;2019;amazon;3313.0
KY;2020;amazon;3359.0
KY;2021;amazon;3439.0
KY;2022;amazon;2909.0
KY;2023;amazon;3158.0
KZ;2019;amazon;1901.0
KZ;2020;amazon;1424.0
KZ;2021;amazon;1143.0
KZ;2022;amazon;1622.0
KZ;2023;amazon;1525.0
LA;2019;amazon;3514.0
LA;2020;amazon;3365.0
LA;2021;amazon;1914.0
LA;2022;amazon;1749.0
LA;2023;amazon;2091.0
LB;2019;amazon;1631.0
LB;2020;amazon;1560.0
LB;2021;amazon;1556.0
LB;2022;amazon;1589.0
LB;2023;amazon;1622.0
LC;2019;amazon;3394.0
LC;2020;amazon;3070.0
LC;2021;amazon;2742.0
LC;2022;amazon;2682.0
LC;2023;amazon;2828.0
LI;2019;amazon;2092.0
LI;2020;amazon;2302.0
LI;2021;amazon;1903.0
LI;2022;amazon;2061.0
LI;2023;amazon;2231.0
LK;2019;amazon;1307.0
LK;2020;amazon;1153.0
LK;2021;amazon;1210.0
LK;2022;amazon;1316.0
LK;2023;amazon;1356.0
LR;2019;amazon;1652.0
LR;2020;amazon;1585.0
LR;2021;amazon;1290.0
LR;2022;amazon;1323.0
LR;2023;amazon;1343.0
LS;2019;amazon;470.0
LS;2020;amazon;204.0
LS;2021;amazon;207.0
LS;2022;amazon;456.0
LS;2023;amazon;359.0
LT;2019;amazon;2358.0
LT;2020;amazon;2464.0
LT;2021;amazon;2291.0
LT;2022;amazon;2664.0
LT;2023;amazon;2635.0
LU;2019;amazon;2849.0
LU;2020;amazon;3519.0
LU;2021;amazon;3067.0
LU;2022;amazon;3343.0
LU;2023;amazon;3605.0
LV;2019;amazon;2883.0
LV;2020;amazon;2938.0
LV;2021;amazon;2888.0
LV;2022;amazon;3332.0
LV;2023;amazon;3524.0
LY;2019;amazon;2451.0
LY;2020;amazon;1890.0
LY;2021;amazon;1755.0
LY;2022;amazon;1526.0
LY;2023;amazon;1346.0
MA;2019;amazon;2890.0
MA;2020;amazon;3139.0
MA;2021;amazon;3326.0
MA;2022;amazon;3692.0
MA;2023;amazon;3736.0
MC;2019;amazon;1462.0
MC;2020;amazon;0.0
MC;2021;amazon;0.0
MC;2022;amazon;0.0
MC;2023;amazon;0.0
MD;2019;amazon;3561.0
MD;2020;amazon;3214.0
MD;2021;amazon;3109.0
MD;2022;amazon;3631.0
MD;2023;amazon;3776.0
ME;2019;amazon;1984.0
ME;2020;amazon;1508.0
ME;2021;amazon;1598.0
ME;2022;amazon;1962.0
ME;2023;amazon;2320.0
MF;2019;amazon;1655.0
MF;2020;amazon;2119.0
MF;2021;amazon;2511.0
MF;2022;amazon;2821.0
MF;2023;amazon;2818.0
MG;2019;amazon;2339.0
MG;2020;amazon;2569.0
MG;2021;amazon;2563.0
MG;2022;amazon;2516.0
MG;2023;amazon;2714.0
MH;2019;amazon;74.0
MH;2020;amazon;248.0
MH;2021;amazon;246.0
MH;2022;amazon;54.0
MH;2023;amazon;132.0
MK;2019;amazon;2313.0
MK;2020;amazon;2097.0
MK;2021;amazon;1987.0
MK;2022;amazon;2287.0
MK;2023;amazon;2370.0
ML;2019;amazon;3519.0
ML;2020;amazon;3520.0
ML;2021;amazon;2972.0
ML;2022;amazon;2782.0
ML;2023;amazon;2399.0
MM;2019;amazon;2677.0
MM;2020;amazon;2325.0
MM;2021;amazon;1652.0
MM;2022;amazon;1735.0
MM;2023;amazon;1362.0
MN;2019;amazon;4024.0
MN;2020;amazon;3675.0
MN;2021;amazon;2763.0
MN;2022;amazon;3036.0
MN;2023;amazon;2870.0
MO;2019;amazon;2155.0
MO;2020;amazon;2212.0
MO;2021;amazon;1605.0
MO;2022;amazon;1724.0
MO;2023;amazon;1461.0
MP;2019;amazon;2371.0
MP;2020;amazon;3096.0
MP;2021;amazon;3003.0
MP;2022;amazon;2747.0
MP;2023;amazon;2810.0
MR;2019;amazon;1853.0
MR;2020;amazon;2679.0
MR;2021;amazon;3163.0
MR;2022;amazon;2806.0
MR;2023;amazon;3460.0
MT;2019;amazon;2771.0
MT;2020;amazon;3139.0
MT;2021;amazon;2669.0
MT;2022;amazon;2608.0
MT;2023;amazon;2494.0
MU;2019;amazon;1905.0
MU;2020;amazon;1495.0
MU;2021;amazon;1458.0
MU;2022;amazon;1947.0
MU;2023;amazon;2007.0
MV;2019;amazon;1749.0
MV;2020;amazon;1716.0
MV;2021;amazon;1920.0
MV;2022;amazon;2058.0
MV;2023;amazon;1963.0
MW;2019;amazon;3750.0
MW;2020;amazon;3624.0
MW;2021;amazon;2838.0
MW;2022;amazon;2748.0
MW;2023;amazon;2642.0
MX;2019;amazon;2843.0
MX;2020;amazon;3911.0
MX;2021;amazon;3435.0
MX;2022;amazon;3565.0
MX;2023;amazon;3844.0
MY;2019;amazon;2334.0
MY;2020;amazon;2245.0
MY;2021;amazon;1911.0
MY;2022;amazon;1770.0
MY;2023;amazon;1807.0
MZ;2019;amazon;2917.0
MZ;2020;amazon;3188.0
MZ;2021;amazon;3187.0
MZ;2022;amazon;3194.0
MZ;2023;amazon;3326.0
NA;2019;amazon;2316.0
NA;2020;amazon;1789.0
NA;2021;amazon;1876.0
NA;2022;amazon;2102.0
NA;2023;amazon;2112.0
NC;2019;amazon;3592.0
NC;2020;amazon;3022.0
NC;2021;amazon;2689.0
NC;2022;amazon;3014.0
NC;2023;amazon;3019.0
NE;2019;amazon;1902.0
NE;2020;amazon;1687.0
NE;2021;amazon;1712.0
NE;2022;amazon;2051.0
NE;2023;amazon;1606.0
